book_name,author_name,original_price,discount_price,instock
বেসিক আলী - ১৪,শাহরিয়ার,TK. 220,TK. 189,Product in stock
বাবু - ১২ ,শাহরিয়ার,TK. 120,TK. 103,Product in stock
নোমান ১,অন্তিক মাহমুদ,TK. 270,TK. 232,Product in stock
বেসিক আলী ,শাহরিয়ার,TK. 220,TK. 189,Product in stock
নোমান ২,অন্তিক মাহমুদ,TK. 300,TK. 258,Product in stock
বাবু - ১,শাহরিয়ার,TK. 120,TK. 103,Product in stock
গুড্ডু বুড়া ১,আনিসুল হক,TK. 100,TK. 86,Product in stock
প্যারাহীন,অন্তিক মাহমুদ,TK. 270,TK. 242,Product in stock
গ্রাফিক নভেল-১ : মুজিব,সেন্টার ফর রিসার্চ এন্ড ইনফরমেশন,TK. 150,TK. 132,Product in stock
বেসিক আলী - ১৩,শাহরিয়ার,TK. 220,TK. 189,Product in stock
পিনোকিও ,ইউজিন ব্র্যাডলে কোকো,TK. 75,TK. 65,Product in stock
বেসিক আলী - ১২,শাহরিয়ার,TK. 220,TK. 189,Product in stock
বেসিক আলী - ৪,শাহরিয়ার,TK. 220,TK. 189,Product in stock
দি লায়ন কিং: সিংহরাজ,জাসটিন কোরম্যান,TK. 75,TK. 65,Product in stock
বেসিক আলী - ৫,শাহরিয়ার,TK. 220,TK. 189,Product in stock
বেসিক আলী - ৩,শাহরিয়ার,TK. 220,TK. 189,Product in stock
প্যারাহীন ২,অন্তিক মাহমুদ,TK. 220,TK. 189,Product in stock
বেসিক আলী - ১১,শাহরিয়ার,TK. 220,TK. 189,Product in stock
বাবু - ২,শাহরিয়ার,TK. 120,TK. 103,Product in stock
বেসিক আলী - ৭,শাহরিয়ার,TK. 220,TK. 189,Product in stock
জঙ্গলের কাহিনী,সাহিত্য প্রকাশ,TK. 75,TK. 65,Product in stock
বেড়ালের গলায় ঘণ্টা ,সৈয়দ নজমুল আবদাল ,TK. 75,TK. 65,Product in stock
বেসিক আলী - হ্যাকারের খপ্পরে,শাহরিয়ার,TK. 190,TK. 163,Product in stock
বেসিক আলী - ৯,শাহরিয়ার,TK. 220,TK. 189,Product in stock
বাবু - ৩,শাহরিয়ার,TK. 120,TK. 103,Product in stock
রিশাদ,নাভিদ হোসেন,TK. 60,TK. 54,Product in stock
বেসিক আলী - ৮,শাহরিয়ার,TK. 220,TK. 189,Product in stock
বেসিক আলী - ৬,শাহরিয়ার,TK. 220,TK. 189,Product in stock
বেসিক আলীর ভৌতিক অভিযান ,শাহরিয়ার,TK. 250,TK. 215,Product in stock
বেসিক আলী - ১০,শাহরিয়ার,TK. 220,TK. 189,Product in stock
বাবু - ১০,শাহরিয়ার,TK. 100,TK. 86,Product in stock
নোমান ৩,অন্তিক মাহমুদ,TK. 300,TK. 258,Product in stock
বাবু - ৭,শাহরিয়ার,TK. 120,TK. 103,Product in stock
বাবু - ৯,শাহরিয়ার,TK. 120,TK. 103,Product in stock
দুর্জয়-২ দাম্ভিক,তৌহিদুল ইকবাল সম্পদ,TK. 50,TK. 45,Product in stock
বাবু - ৪,শাহরিয়ার,TK. 120,TK. 103,Product in stock
গ্রাফিক নভেল-২ : মুজিব,সেন্টার ফর রিসার্চ এন্ড ইনফরমেশন,TK. 150,TK. 132,Product in stock
তুষার কন্যা ও সাত বামন ,সাহিত্য প্রকাশ,TK. 75,TK. 65,Product in stock
বাবু - ৫,শাহরিয়ার,TK. 120,TK. 103,Product in stock
বাবু - ৮,শাহরিয়ার,TK. 100,TK. 86,Product in stock
মহাকাশের প্রাণী,মুহম্মদ জাফর ইকবাল,TK. 120,TK. 107,Product in stock
গ্রাফিক নভেল-৫ : মুজিব - বড়বাজারে গন্ডগোল,সেন্টার ফর রিসার্চ এন্ড ইনফরমেশন,TK. 150,TK. 132,Product in stock
বাবু - ১১,শাহরিয়ার,TK. 120,TK. 103,Product in stock
গ্রাফিক নভেল-৪ : মুজিব - দিল্লি অভিযান,সেন্টার ফর রিসার্চ এন্ড ইনফরমেশন,TK. 150,TK. 132,Product in stock
ড্রাকুলা,ব্রাম স্টোকার,TK. 140,TK. 120,Product in stock
পিটার প্যান ,স্যার জেমস ম্যাথিউ ব্যারি,TK. 75,TK. 65,Product in stock
বাবু - ৬,শাহরিয়ার,TK. 120,TK. 103,Product in stock
হুলো বিড়াল আর টুলো বিড়াল,ঝর্না রহমান,TK. 120,TK. 103,Product in stock
পিশাচ কাহিনি -১,মেহেদী হক ,TK. 70,TK. 63,Product in stock
দুর্জয় ৪ঃ প্রলয় ঘন্টা,তৌহিদুল ইকবাল সম্পদ,TK. 50,TK. 45,Product in stock
সিনডারেলা,সাহিত্য প্রকাশ,TK. 75,TK. 65,Product in stock
ষড়যন্ত্র ,শাহরিয়ার,TK. 250,TK. 215,Product in stock
আলাদিন ,কারেন ক্রেইডার,TK. 75,TK. 65,Product in stock
দুর্জয়-৩ঃ অবাধ্য,তৌহিদুল ইকবাল সম্পদ,TK. 50,TK. 45,Product in stock
ডামবো ,টেডি স্ল্যাটার,TK. 75,TK. 65,Product in stock
গুড্ডু বুড়া ২,আনিসুল হক,TK. 150,TK. 129,Product in stock
গ্রাফিক নভেল-৬ : মুজিব - খাজার কারসাজি,সেন্টার ফর রিসার্চ এন্ড ইনফরমেশন,TK. 150,TK. 132,Product in stock
লাইলী,শাহরিয়ার,TK. 240,TK. 206,Product in stock
লাইলী-২(ভোতনের প্রতিশোধ),শাহরিয়ার,TK. 220,TK. 189,Product in stock
দুর্জয়-১১ তাণ্ডব,তৌহিদুল ইকবাল সম্পদ,TK. 135,TK. 121,Product in stock
দুর্জয়-১১ তাণ্ডব,তৌহিদুল ইকবাল সম্পদ,TK. 135,TK. 121,Product in stock
মৎস্যকন্যা,সাহিত্য প্রকাশ,TK. 75,TK. 65,Product in stock
১০১ ডালমেশিয়ান: বরফের কুকুরছানা ,বারবারা বাজালদুয়া,TK. 75,TK. 65,Product in stock
রাজপুত্র ও ভিখিরিপুত্র,ফ্র্যান মানুশকিন,TK. 75,TK. 65,Product in stock
ঘুমকুমারী ,সাহিত্য প্রকাশ,TK. 75,TK. 65,Product in stock
গ্রাফিক নভেল-৭ : মুজিব - অ্যাকশন ডে,সেন্টার ফর রিসার্চ এন্ড ইনফরমেশন,TK. 150,TK. 132,Product in stock
কল্পশিকারী,শাহরিয়ার,TK. 200,TK. 172,Product in stock
ভবিষ্যতের শত্রু ,শাহরিয়ার,TK. 230,TK. 198,Product in stock
পিশাচ কাহিনি - ৩ : শেষ লড়াই,মেহেদী হক ,TK. 70,TK. 63,Product in stock
দুর্জয়-১২ জল্লাদ,তৌহিদুল ইকবাল সম্পদ,TK. 135,TK. 121,Product in stock
পোকাহনতাস,সাহিত্য প্রকাশ,TK. 75,TK. 65,Product in stock
রিশাদ -২,নাভিদ হোসেন,TK. 60,TK. 51,Product in stock
মজার কমিকস,আহসান হাবীব (কার্টুনিস্ট),TK. 150,TK. 129,Product in stock
সিসিমপুরে ভূমিকম্প (কোড-১৪১),সিসিমপুর,TK. 320,TK. 275,Product in stock
জুম - ১,সব্যসাচী চাকমা,TK. 50,TK. 43,Product in stock
হালুম যাবে অনেক দূর (কোড -১১০),সিসিমপুর,TK. 120,TK. 103,Product in stock
সূর্যের দিন,হুমায়ূন আহমেদ,TK. 250,TK. 215,Product in stock
দ্বিতীয়,শাহরিয়ার,TK. 180,TK. 155,Product in stock
 ধাঁধা,শাহরিয়ার,TK. 230,TK. 198,Product in stock
দুর্জয় ১৬: নির্ঘুম,তৌহিদুল ইকবাল সম্পদ,TK. 135,TK. 121,Product in stock
কিউব,শাহরিয়ার,TK. 240,TK. 206,Product in stock
মুলান ,জিনা ইনগোলিয়া,TK. 75,TK. 65,Product in stock
দুর্জয়-১৫: লড়াকু,তৌহিদুল ইকবাল সম্পদ,TK. 135,TK. 121,Product in stock
নোতরদামের কুঁজো,জাসটিন কোরম্যান,TK. 75,TK. 65,Product in stock
চিঠি পাঠাল রবিনহুড,সাহিত্য প্রকাশ,TK. 75,TK. 65,Product in stock
দুর্জয় ১৭ : চক্রব্যূহ,তৌহিদুল ইকবাল সম্পদ,TK. 135,TK. 121,Product in stock
কিডস্‌ গল্পের ব্যাগ,কিডস্‌ বুকস্‌,TK. 950,TK. 685,Product in stock
রুহান রুহান ৩,মুহম্মদ জাফর ইকবাল,TK. 100,TK. 90,Product in stock
টারজান,সাহিত্য প্রকাশ,TK. 75,TK. 65,Product in stock
বন্ধুর খোঁজে ইঁদুর ছানা,মুহম্মদ জাফর ইকবাল,TK. 135,TK. 116,Product in stock
জুম - ২,সব্যসাচী চাকমা,TK. 70,TK. 63,Product in stock
সুন্দরী ও কদাকার ,টেডি স্ল্যাটার,TK. 75,TK. 65,Product in stock
গেমার,সব্যসাচী চাকমা,TK. 360,TK. 310,Product in stock
দি লায়ন কিং: গুহাদানব,জাসটিন কোরম্যান,TK. 75,TK. 65,Product in stock
পু-হর স্বাস্থ্য পরীক্ষা,ক্যাথলিন ডব্লিউ. জোহফেল্ড,TK. 75,TK. 65,Product in stock
দুর্জয় ১৮: প্রলয় ,তৌহিদুল ইকবাল সম্পদ,TK. 200,TK. 179,Product in stock
১০১ ডালমেশিয়ান ,সাহিত্য প্রকাশ,TK. 75,TK. 65,Product in stock
রুহান রুহান ২,মুহম্মদ জাফর ইকবাল,TK. 100,TK. 90,Product in stock
মারুফ এবং দেড় ব্যাটারী,তৌহিদুল ইকবাল সম্পদ,TK. 130,TK. 112,Product in stock
কমিক্স : পাগলা দাশু,সুকুমার রায়,TK. 180,TK. 141,Product in stock
মারুফ -৫ গুপ্তসংঘ,তৌহিদুল ইকবাল সম্পদ,TK. 200,TK. 172,Product in stock
রুহান রুহান ৪,মুহম্মদ জাফর ইকবাল,TK. 200,TK. 179,Product in stock
মারুফ -৩ : দলছুট,তৌহিদুল ইকবাল সম্পদ,TK. 180,TK. 155,Product in stock
মারুফ -২ : গুপ্তঘাতক,তৌহিদুল ইকবাল সম্পদ,TK. 167,TK. 144,Product in stock
পু-হ আর ড্রাগন ,অ্যান ব্রেব্রুক্স,TK. 50,TK. 43,Product in stock
শিয়াল ও শিকারি কুকুর: একেই বলে বন্ধু ,সাহিত্য প্রকাশ,TK. 75,TK. 65,Product in stock
পানিতে ঝপাৎ ঝপাৎ (কোড -১৪৮),সিসিমপুর,TK. 120,TK. 103,Product in stock
মারুফ -৪ সবুজ মাছি,তৌহিদুল ইকবাল সম্পদ,TK. 220,TK. 189,Product in stock
জুম ৩: শেষ অধ্যায়,সব্যসাচী চাকমা,TK. 80,TK. 72,Product in stock
মৃত্যু পাথার ২,আরাফাত করিম ,TK. 100,TK. 90,Product in stock
ভয়!,আহসান হাবীব (কার্টুনিস্ট),TK. 120,TK. 107,Product in stock
মুক্তিযুদ্ধের কমিক সিরিজ-১ : তাগড়া,মেজর কামরুল হাসান ভূঁইয়া,TK. 60,TK. 52,Product in stock
মুকু সিরিজ: নীলকণ্ঠ রহস্য,মেহেদী হক ,TK. 300,TK. 269,Product in stock
কুচ্ছিৎ হাঁসের ছানা ,হান্স ক্রিশ্চিয়ান অ্যান্ডারসন,TK. 75,TK. 65,Product in stock
লায়ন কিং-২: সিমবার গরিমা,এরিক সুবেন,TK. 75,TK. 65,Product in stock
ইব্রাহীম-৩: প্রত্যাবর্তন,এড্রিয়ান অনীক,TK. 70,TK. 63,Product in stock
দ্য লায়ন কিং: কোনো দুশ্চিন্তা নয় ,সাহিত্য প্রকাশ,TK. 75,TK. 65,Product in stock
সুন্দরবন,আনিসুল হক,TK. 65,TK. 59,Product in stock
ঈশপের নীতিগল্প ,ওঙ হুই খেই,TK. 170,TK. 146,Product in stock
এস্‌মেরালদার ভাগ্যদেবী ,মারগো লুনডেল,TK. 75,TK. 65,Product in stock
সায়েন্স মিক্স-কমিক্স,নাসরীন সুলতানা মিতু,TK. 120,TK. 107,Product in stock
সায়েন্স মিক্স-কমিক্স,নাসরীন সুলতানা মিতু,TK. 120,TK. 107,Product in stock
দুর্জয় ভলিউম ২ (৬ থেকে ১০ খণ্ড একত্রে),তৌহিদুল ইকবাল সম্পদ,TK. 250,TK. 224,Product in stock
উইনি দি পু-হ্: পু-হ যাবে ইশকুলে,ক্যাথলিন ডব্লিউ. জোহফেল্ড,TK. 50,TK. 43,Product in stock
মুক্তিযুদ্ধের কমিক সিরিজ-৩ : শিশুযোদ্ধা নুরু,মেজর কামরুল হাসান ভূঁইয়া,TK. 60,TK. 52,Product in stock
কোথায় আমার খেলনা ভালুক?,ডব্লিউসিবি,TK. 75,TK. 67,Product in stock
ইব্রাহীম: ১ ও ২ ,তানজিম উল ইসলাম,TK. 100,TK. 90,Product in stock
আশ্চর্য! ২ ,কমিক্স ডাইজেস্ট,TK. 180,TK. 155,Product in stock
ধু ত্তো রি! আঁধারের ভয়ে কাঁপছে কে?,বেটি বারনি,TK. 75,TK. 65,Product in stock
জিতু আর টিইইইই কমিক স্ট্রিপ সংকলন,আসিফুর রহমান,TK. 200,TK. 179,Product in stock
পঞ্চ রোমাঞ্চ,কাজী আনোয়ার হোসেন,TK. 500,TK. 448,Product in stock
হাতির বন্ধু কুকুর,মোহাম্মদ আলমগীর রহমান,TK. 60,TK. 50,Product in stock
আশ্চর্য ৩ (কমিকস ডাইজেস্ট),শাহরিয়ার,TK. 230,TK. 198,Product in stock
চালাক ছাগল,হায়াৎ মামুদ,TK. 60,TK. 50,Product in stock
বাঘ সিংহ শিয়াল কুমির ও ভূতের গল্প,দাইয়ান কাদির,TK. 80,TK. 69,Product in stock
সুন্দরী ও কদাকার: জাদুর মায়া,জাসটিন কোরম্যান,TK. 75,TK. 65,Product in stock
কমিক্স পটলা ক্যাবলা,আহসান হাবীব (কার্টুনিস্ট),TK. 150,TK. 129,Product in stock
ইব্রাহীম ৪: নিয়ন্ত্রণ,তানজিম উল ইসলাম,TK. 100,TK. 90,Product in stock
গল্প আর ছবি-৫ (নানা মাপের চাকা),ভ্লাদিমির সুতেয়েভ,TK. 75,TK. 65,Product in stock
আশ্চর্য! ৪ ,শাহরিয়ার,TK. 240,TK. 206,Product in stock
গল্প আর ছবি-৪ (ম্যাও করলে কে?),ভ্লাদিমির সুতেয়েভ,TK. 95,TK. 82,Product in stock
মিতু একদিন সিসিমপুরে (কোড -১০২),লিটু সাখাওয়াত,TK. 80,TK. 69,Product in stock
মিকি মাউজের বিপদ: ডাকবিমান-চালক,কারেন ক্রেইডার,TK. 75,TK. 65,Product in stock
চমৎকার একটি আলাদা দিন ,মেরি প্যাকার্ড,TK. 75,TK. 65,Product in stock
মফিজউদ্দীন - ২,ফাহিম আনজুম,TK. 100,TK. 90,Product in stock
মফিজউদ্দীন - ১,ফাহিম আনজুম,TK. 100,TK. 90,Product in stock
লেজকাটা টিকটিকি ,সৈয়দ নজমুল আবদাল ,TK. 75,TK. 65,Product in stock
ন ডরাই,স্টার সিনেপ্লেক্স,TK. 150,TK. 129,Product in stock
ইব্রাহীম ৫: যুদ্ধংদেহী ,তানজিম উল ইসলাম,TK. 100,TK. 90,Product in stock
আশ্চর্য-১,কমিক্স ডাইজেস্ট,TK. 200,TK. 172,Product in stock
গুড্ডু বুড়া কমিকস - ৩,আনিসুল হক,TK. 150,TK. 129,Product in stock
মিকি যখন কাউবয় ,সাহিত্য প্রকাশ,TK. 75,TK. 65,Product in stock
রুহান রুহান ৫,মুহম্মদ জাফর ইকবাল,TK. 300,TK. 269,Product in stock
টম এন্ড জেরী : এবার বাঁচাবে কে,প্রগতি পাবলিশার্স,TK. 200,TK. 172,Product in stock
মজায় মজায় লিখি ও পড়ি- ২,সিসিমপুর,TK. 184,TK. 158,Product in stock
এলসা এ্যানার তুষার অভিযান (ফ্রোজেন বাংলা),সিফাত ই আযম,TK. 120,TK. 103,Product in stock
লেডি আর ট্রাম্প ,টেডি স্ল্যাটার,TK. 50,TK. 43,Product in stock
জ্ঞানী কাঁকড়ার গল্প (সচিত্র আরব্য রজনীর গল্প-৬),তানজিনা আক্তার,TK. 75,TK. 65,Product in stock
মনা ও মেঁছোভূত,সব্যসাচী মিস্ত্রী,TK. 80,TK. 69,Product in stock
আবারও নাটবল্টু,সজল,TK. 160,TK. 138,Product in stock
খুদে রহস্য-গল্প: মিকি মাউজ আর তার বন্ধুরা,গ্রেস ম্যাক্কারোন,TK. 75,TK. 65,Product in stock
মৎস্যকন্যা-দুই: এরিয়েল ও রাজপুত্রের কাহিনী,মাইকেল তেইতেলবাম,TK. 75,TK. 65,Product in stock
গুপি গাইন বাঘা বাইন,বিধান সাহা,TK. 135,TK. 116,Product in stock
জাদুকরী বানর (সচিত্র আরব্য রজনীর গল্প-৭),তানজিনা আক্তার,TK. 80,TK. 69,Product in stock
গল্প আর ছবি,ভ্লাদিমির সুতেয়েভ,TK. 425,TK. 366,Product in stock
ঝপাৎ ঝপ,মোহাম্মদ শাহ আলম,TK. 150,TK. 134,Product in stock
কমিকস অন্য পৃথিবী,আহসান হাবীব (কার্টুনিস্ট),TK. 150,TK. 129,Product in stock
এক পিঁপড়ের জীবন-কথা ,জাসটিন কোরম্যান,TK. 75,TK. 65,Product in stock
হালুম ও একটি ধাঁধা,সিসিমপুর,TK. 140,TK. 120,Product in stock
পিনোকিও,সাহিত্য প্রকাশ,TK. 75,TK. 65,Product in stock
কাঠঠোকরা,বিলু কবীর,TK. 60,TK. 55,Product in stock
মাছ ধরার মজা (কোড -১৫২),শান্তিময় চাকমা,TK. 120,TK. 103,Product in stock
তুফান-১ রাজ্যছাড়া,আসিফুর রহমান,TK. 180,TK. 155,Product in stock
বাবুইবেলা,রীশাম শাহাব তীর্থ,TK. 200,TK. 172,Product in stock
লুঙ্গিম্যান আর টোনাবুড়ি,রোমেল বড়ুয়া,TK. 100,TK. 90,Product in stock
বুড়িমা,সব্যসাচী মিস্ত্রী,TK. 80,TK. 69,Product in stock
বনভোজন,নাজিয়া জাবীন,TK. 100,TK. 86,Product in stock
১০২ ডালমেশিয়ান,মেরি হোগান,TK. 75,TK. 65,Product in stock
আনাড়ির কাণ্ডকারখানা ৪ : আনাড়ি হল কবি,নিয়াজ মোরশেদ ,TK. 150,TK. 129,Product in stock
দুষ্টু হাতি,তামান্না মিনহাজ,TK. 70,TK. 58,Product in stock
লংকা কাণ্ড (মালদ্বীপ ফ্রি),মেহেদী হক ,TK. 220,TK. 197,Product in stock
বাঘ এসেছে বাঘ ভাগরে সবাই ভাগ,আহমেদ রিয়াজ,TK. 130,TK. 116,Product in stock
বাঘ এসেছে বাঘ ভাগরে সবাই ভাগ,আহমেদ রিয়াজ,TK. 130,TK. 116,Product in stock
তুফান-২ রাজ্যছাড়া,আসিফুর রহমান,TK. 180,TK. 155,Product in stock
হারকিউলিস: বিপদ থেকে বাঁচাবে বীর ,বারবারা বাজালদুয়া,TK. 75,TK. 65,Product in stock
প্রতিবাস্তব,ঢাকা কমিক্স,TK. 750,TK. 671,Product in stock
স্পাইডারম্যান ,সাইফুল সাইফ,TK. 150,TK. 129,Product in stock
The Jungle Book ,সাহিত্য প্রকাশ,TK. 80,TK. 69,Product in stock
ইঁদুর ও বাদুড়,সব্যসাচী মিস্ত্রী,TK. 80,TK. 69,Product in stock
গুফ বাহিনী: সোনালি মাছ ধরার অভিযান ,পারকার স্মিথ,TK. 50,TK. 43,Product in stock
দ্য লাস্ট বাও অব শার্লক হোমস-১,স্যার আর্থার কোনান ডয়েল,TK. 160,TK. 138,Product in stock
ফড়িং আর পিঁপড়ে,অবসর প্রকাশন,TK. 60,TK. 50,Product in stock
দ্য রিটার্ন অব শার্লক হোমস-২,হাসান খুরশীদ রুমী,TK. 210,TK. 181,Product in stock
মিশন সুপারবাগ,শাহাদ সাইফ খন্দকার,TK. 150,TK. 134,Product in stock
আনাড়ির কাণ্ডকারখানা ৫ : সোডা-ওয়াটার গাড়িতে আনাড়ি,নিয়াজ মোরশেদ ,TK. 150,TK. 129,Product in stock
কবিতার জোরে মন্ত্রী,আখতার হুসেন,TK. 80,TK. 69,Product in stock
টোকাই টোকাই,রহীম শাহ,TK. 200,TK. 172,Product in stock
মৎস্যকন্যা,সাহিত্য প্রকাশ,TK. 80,TK. 69,Product in stock
বাচ্চা হাতির কান্ড দেখো,ধ্রুব নীল,TK. 175,TK. 150,Product in stock
বিল্টু এখন ঢাকায়,খোরশেদ বাহার,TK. 80,TK. 69,Product in stock
বাবুইবেলা (দ্বিতীয় পর্ব),রীশাম শাহাব তীর্থ,TK. 200,TK. 172,Product in stock
খুদে রহস্য গল্প ,সাহিত্য প্রকাশ,TK. 75,TK. 65,Product in stock
অগ্নিযোদ্ধা ২ ,শান্তনা শান্তুমা,TK. 160,TK. 138,Product in stock
সিনডারেলা,সৈয়দ মহসীন আলী,TK. 60,TK. 42,Product in stock
সাহসী,সাইদুস সাকলায়েন,TK. 250,TK. 224,Product in stock
ব্রাজিলের রূপকথা,সানজিদা সামরিন,TK. 130,TK. 116,Product in stock
তৃতীয় জগৎ,অভ্রদীপ দাস,TK. 200,TK. 172,Product in stock
মধু,আহমেদ রিয়াজ,TK. 60,TK. 52,Product in stock
পল্টু-বিল্টুর অ্যাডভেঞ্চার,আহসান হাবীব (কার্টুনিস্ট),TK. 200,TK. 172,Product in stock
খোকা সব পারে,মঞ্জু সরকার,TK. 250,TK. 215,Product in stock
দুঃসাহসী টিনটিন: তিব্বতে টিনটিন,অ্যার্জে,TK. 250,TK. 215,Product in stock
পার্সেপোলিস,মারজান সাত্রাপি,TK. 530,TK. 439,Product in stock
টম এন্ড জেরী ,রহিমা শিকদার,TK. 180,TK. 155,Product in stock
মোয়ানা’র অভিযান,সুশীল মালাকার,TK. 120,TK. 103,Product in stock
আপেল এবং নেংটিছানা আর পেনসিল,ভ্লাদিমির সুতেয়েভ,TK. 70,TK. 55,Product in stock
করছে সবাই কী?,ফাতেমা তুজ জোহরা,TK. 85,TK. 82,Product in stock
ব্যাঙের রাজা,আলমগীর রহমান,TK. 60,TK. 50,Product in stock
The Little Mermaid ,মাইকেল তেইতেলবাম,TK. 80,TK. 69,Product in stock
দুঃসাহসী টিনটিন: আমেরিকায় টিনটিন,পৌলোমী সেনগুপ্ত ,TK. 80,TK. 69,Product in stock
The Emerald Stone,উম্মে মাইসুন,TK. 300,TK. 258,Product in stock
আনাড়ির কাণ্ডকারখানা সিরিজ (১-১৭ খণ্ড),নিকোলাই নোসভ,"TK. 1,340","TK. 1,293",Product in stock
দুঃসাহসী টিনটিন: আশ্চর্য ‍উল্কা,অ্যার্জে,"TK. 1,340","TK. 1,293",Product in stock
দুঃসাহসী টিনটিন: মমির অভিশাপ,অ্যার্জে,"TK. 1,340","TK. 1,293",Product in stock
দুঃসাহসী টিনটিন: লোহিত সাগরের হাঙর,অ্যার্জে,"TK. 1,340","TK. 1,293",Product in stock
দুঃসাহসী টিনটিন: চন্দ্রলোকে অভিযান,অ্যার্জে,"TK. 1,340","TK. 1,293",Product in stock
মারুফ ৬ - গুপ্তবিদ্যা,তৌহিদুল ইকবাল সম্পদ,TK. 175,TK. 151,Product in stock
অ্যাডভেঞ্চার কমিকস্‌ ,ময়ুখ চৌধুরী,TK. 175,TK. 151,Product in stock
দুঃসাহসী টিনটিন: কানভাঙা মূর্তি,অ্যার্জে,TK. 175,TK. 151,Product in stock
পিঁপড়া ও ডায়নোসরের গল্প,মঞ্জু সরকার,TK. 250,TK. 215,Product in stock
দুঃসাহসী টিনটিন: ফারাওয়ের চুরুট,অ্যার্জে,TK. 250,TK. 215,Product in stock
Sundarbon ,আনিসুল হক,TK. 45,TK. 41,Product in stock
দুঃসাহসী টিনটিন: কৃষ্ণদ্বীপের রহস্য,অ্যার্জে,TK. 45,TK. 41,Product in stock
দুঃসাহসী টিনটিন: সূর্যদেবের বন্দি,অ্যার্জে,TK. 45,TK. 41,Product in stock
দুঃসাহসী টিনটিন: ক্যালকুলাসের কান্ড,অ্যার্জে,TK. 45,TK. 41,Product in stock
দুঃসাহসী টিনটিন: ওটোকারের রাজদণ্ড,অ্যার্জে,TK. 45,TK. 41,Product in stock
টিনটিন: হাঙর-হ্রদের বিভীষিকা,অ্যার্জে,TK. 45,TK. 41,Product in stock
দুঃসাহসী টিনটিন: কাঁকড়া রহস্য ,অ্যার্জে,TK. 45,TK. 41,Product in stock
নাশরাহ্‌ ও চড়ুইছানা,সৈয়দা সেলিমা আক্তার,TK. 70,TK. 55,Product in stock
দুঃসাহসী টিনটিন: পান্না কোথায়,অ্যার্জে,TK. 70,TK. 55,Product in stock
গল্প শুধু গল্প নয়,ফরহাদ খান,TK. 250,TK. 224,Product in stock
কেন?,প্রণামী দাস,TK. 80,TK. 69,Product in stock
পিটার প্যান,সঞ্জয় রায়,TK. 80,TK. 69,Product in stock
Cinderella,সাহিত্য প্রকাশ,TK. 80,TK. 69,Product in stock
Cinderella,সাহিত্য প্রকাশ,TK. 80,TK. 69,Product in stock
অ্যাসটেরিক্স ও সোনার কাস্তে ,রনে গোসিনি,TK. 80,TK. 69,Product in stock
তুষার কন্যা,হারপ্রিত কর,TK. 120,TK. 103,Product in stock
অপুর দাদুগাছ,মঞ্জু সরকার,TK. 180,TK. 155,Product in stock
অ্যাসটেরিক্স ও নর্ম্যান দল,রনে গোসিনি,TK. 180,TK. 155,Product in stock
অ্যাসটেরিক্স ও রোমান সৈনিক,রনে গোসিনি,TK. 180,TK. 155,Product in stock
পিঙ্কী বিশ্ব ভ্রমণ,প্রাণ,TK. 180,TK. 155,Product in stock
গ্ল্যাডিয়েটর অ্যাসটেরিক্স,রনে গোসিনি,TK. 180,TK. 155,Product in stock
"মুরগিছানা, হাঁসের ছানা",ভ্লাদিমির সুতেয়েভ,TK. 70,TK. 58,Product in stock
চাচা চৌধুরী ও সার্জিকল স্ট্রাইক,প্রাণ,TK. 70,TK. 58,Product in stock
চাচা চৌধুরী ও সাবুর জুতো,প্রাণ,TK. 70,TK. 58,Product in stock
পিঁপড়ে আর ব্যোমনাবিক,আনাতোলি মিত্যায়েভ,TK. 50,TK. 48,Product in stock
গলযোদ্ধা অ্যাসটেরিক্স,রনে গোসিনি,TK. 50,TK. 48,Product in stock
অ্যাসটেরিক্স গথ দস্যু ,রনে গোসিনি,TK. 50,TK. 48,Product in stock
চাচা চৌধুরী ও সাবুর গুলতি,প্রাণ,TK. 50,TK. 48,Product in stock
চাচা চৌধুরী ও উড়ন্ত বিছে,প্রাণ,TK. 50,TK. 48,Product in stock
অ্যাসটেরিক্স ও ক্লিওপেট্টা,রনে গোসিনি,TK. 50,TK. 48,Product in stock
কমিক্‌স দ্বীপে টিনটিন,রতনতনু ঘাটী,TK. 50,TK. 48,Product in stock
চাচা চৌধুরী ও জাদুকাঠি,প্রাণ,TK. 50,TK. 48,Product in stock
বিল্লু আর ভিডিয়ো গেমস,প্রাণ,TK. 50,TK. 48,Product in stock
দুই প্রধানে ধুন্ধুমার ,রনে গোসিনি,TK. 50,TK. 48,Product in stock
গলদেশ পরিক্রমার অ্যাসটেরিক্স,রনে গোসিনি,TK. 50,TK. 48,Product in stock
বিল্লুর শার্ট ব্রেক,প্রাণ,TK. 50,TK. 48,Product in stock
অনেক রকম মাইশা,দন্ত্যস রওশন,TK. 70,TK. 60,Product in stock
নিলু,নাজিয়া জাবীন,TK. 150,TK. 129,Product in stock
চাচা চৌধুরী ও স্ট্যাচু অফ ইউনিটি,প্রাণ,TK. 150,TK. 129,Product in stock
প্রান চাচা চৌধুরী ও ডাইনি,প্রাণ,TK. 150,TK. 129,Product in stock
চাচা চৌধুরী ভয়ংকর প্রজাপতি,প্রাণ,TK. 150,TK. 129,Product in stock
চাচা চৌধুরী রাকার আতঙ্ক,প্রাণ,TK. 150,TK. 129,Product in stock
চাচা চৌধুরী নকল নোট,প্রাণ,TK. 150,TK. 129,Product in stock
ভূত দেখা,মঞ্জু সরকার,TK. 180,TK. 155,Product in stock
চালাক বউ,শরিফুল ইসলাম ভুঁইয়া,TK. 100,TK. 86,Product in stock
চাচা চৌধুরী ফুটবল ওয়ার্ল্ড কাপ,প্রাণ,TK. 100,TK. 86,Product in stock
Graphic Novel-2 : Mujib - English Varson,সেন্টার ফর রিসার্চ এন্ড ইনফরমেশন,TK. 150,TK. 132,Product in stock
গ্রাফিক নভেল-৩ : মুজিব,সেন্টার ফর রিসার্চ এন্ড ইনফরমেশন,TK. 150,TK. 132,
Laily,শাহরিয়ার,TK. 220,TK. 189,Product in stock
অহংকারী দাঁড়কাক,সৈয়দা উম্মে হাবীবা ,TK. 60,TK. 52,Product in stock
বিল্লু আর নারকেল গাছ,প্রাণ,TK. 60,TK. 52,Product in stock
Graphic Novel-3 : Mujib - English Varson,সেন্টার ফর রিসার্চ এন্ড ইনফরমেশন,TK. 150,TK. 132,Product in stock
পিঙ্কী আর মুচ্ছড সিং,প্রাণ,TK. 150,TK. 132,Product in stock
পিঙ্কী আর দিদিমার গল্প,প্রাণ,TK. 150,TK. 132,Product in stock
Ms. Shabash -3,সামির আসরান রহমান,TK. 130,TK. 121,Product in stock
রাপ্পা রায় ও বাদামি চেয়ার (কমিকস্),সুযোগ বন্দ্যোপাধ্যায়,TK. 130,TK. 121,Product in stock
দুর্জয় ৬,তৌহিদুল ইকবাল সম্পদ,TK. 50,TK. 45,
প্রাণ চাচা চৌধুরী বিষাক্ত মানুষ নোরা,প্রাণ,TK. 50,TK. 45,Product in stock
পিঙ্কী কা ছক্কা,প্রাণ,TK. 50,TK. 45,Product in stock
ময়ূখ চৌধুরী কমিক্‌স-সমগ্র ৩,শান্তনু ঘোষ,TK. 50,TK. 45,Product in stock
দুর্জয়-১৩ : সর্বগ্রাসী,তৌহিদুল ইকবাল সম্পদ,TK. 135,TK. 121,
গ্রাফিক নভেল - ৮ : মুজিব,সেন্টার ফর রিসার্চ এন্ড ইনফরমেশন,TK. 150,TK. 132,
দুর্জয় ১৪: রাক্ষস,তৌহিদুল ইকবাল সম্পদ,TK. 135,TK. 121,
বিল্লুর গার্লফ্রেণ্ড,প্রাণ,TK. 135,TK. 121,Product in stock
বিল্লুর আর হাতীর ভ্রমণ,প্রাণ,TK. 135,TK. 121,Product in stock
অ্যাণ্টনি ও চন্দ্রবিন্দু,অনুপম রায় (গায়ক) ,TK. 135,TK. 121,Product in stock
পিঙ্কি ও এয়ারক্রাফট,প্রাণ,TK. 135,TK. 121,Product in stock
পঞ্চ রোমাঞ্চ,কাজী আনোয়ার হোসেন,TK. 500,TK. 448,
বিল্লুর আর টেডীপীয়ার,প্রাণ,TK. 500,TK. 448,Product in stock
বিল্লু ফিশিইং,প্রাণ,TK. 500,TK. 448,Product in stock
ডিনয়েড : ৩২(সি. কে. জাকি সিরিজ),আরাফাত করিম ,TK. 120,TK. 107,
প্রাণ চাচা চৌধুরী আর প্রোফেসর ব্যাড,প্রাণ,TK. 120,TK. 107,Product in stock
আমার বন্ধু হাতি,ডব্লিউসিবি,TK. 75,TK. 67,
বিল্লু দুবাইতে,প্রাণ,TK. 75,TK. 67,Product in stock
বিল্লু দুবাইতে,প্রাণ,TK. 75,TK. 67,Product in stock
গল্প আর ছবি-১ (মুরগীছানা হাঁসের ছানা),ভ্লাদিমির সুতেয়েভ,TK. 85,TK. 73,
অতলান্ত,মাহতাব রশিদ,TK. 150,TK. 134,
গল্প আর ছবি-২ (তিন বেড়াল),ভ্লাদিমির সুতেয়েভ,TK. 95,TK. 82,
ডায়নামাইট সিরিজ,মহেশ দত্ত শর্মা,TK. 95,TK. 82,Product in stock
লুঙ্গিম্যান আর মোটিভেশন ভাই,রোমেল বড়ুয়া,TK. 140,TK. 125,
পরির দেশে টুকটুকি (কোড -১৪৭),সিসিমপুর,TK. 120,TK. 103,
চাচা চৌধুরী আর মি. এক্স,প্রাণ,TK. 120,TK. 103,Product in stock
গল্প আর ছবি-৩ (ব্যাঙের ছাতা),ভ্লাদিমির সুতেয়েভ,TK. 85,TK. 73,
পোকাহনতাস: বাতাস বলে যে কথা ,জাসটিন কোরম্যান,TK. 75,TK. 65,
ইকরির ফুল (কোড-১০৬),এম. আসলাম লিটন,TK. 120,TK. 103,
চাচা চৌধুরী বিগ হেড,প্রাণ,TK. 120,TK. 103,Product in stock
জিতু আর তান্ত্রিক - ২,হাজ্জাজ বিন ইউসুফ,TK. 70,TK. 63,
লুঙ্গিম্যান ৩: টাইমমেশিনে গণ্ডগোল ,রোমেল বড়ুয়া,TK. 135,TK. 121,
একদিন সবাই মিলে (কোড -১০১),লিটু সাখাওয়াত,TK. 80,TK. 69,
গল্প আর ছবি-৬ (নৈাকা),ভ্লাদিমির সুতেয়েভ,TK. 75,TK. 65,
মিকি ও তার বন্ধুরা: ভয়াল রাতের উৎসব ,ডিয়ান মালড্রো,TK. 50,TK. 43,
১৯৭১,আহসান হাবীব (কার্টুনিস্ট),TK. 250,TK. 215,
"আমি সে কোন্ প্রাণী, বলতে পার নাকি?",মৈথিলা মিত্র,TK. 50,TK. 43,
রসিক বীরবল,অমর চিত্র কথা,TK. 50,TK. 43,Product in stock
Legends Of Bengal ,ডা: খালেদ শওকত আলী,TK. 250,TK. 233,Product in stock
নীলকমল আর লালকমল,আসিফুর রহমান রাতুল,TK. 135,TK. 121,
যেখানে সবাই শেখে (কোড -১০৩),সানজিদা সিদ্দিক সুমনা,TK. 100,TK. 86,
ঘুড়ি ওড়ানোর মেলা (কোড -১০৮),লিটু সাখাওয়াত,TK. 80,TK. 69,
আলুর খোঁজে (কোড -১০৭),মোঃ শাহ আলম,TK. 120,TK. 103,
মুক্তিযুদ্ধের কমিক সিরিজ-৪ : বীরযোদ্ধা কিশোর রমজান,মেজর কামরুল হাসান ভূঁইয়া,TK. 60,TK. 52,
বলতো কি দেখছ?,ডব্লিউসিবি,TK. 75,TK. 67,
বৈশাখী মেলায় হৈ-হুল্লোড় (কোড -১৪৪),সিসিমপুর,TK. 100,TK. 86,
বাঘ মামা আর শিয়াল ভাগ্নে,উপেন্দ্রকিশোর রায়চৌধুরী,TK. 70,TK. 58,
কচ্ছপ কথা বলতে গেল কেন? ,মোহাম্মদ আলমগীর রহমান,TK. 60,TK. 50,
সিসিমপুরে হলুদ ভূত (কোড-১৪০),মোহাম্মদ শাহ আলম-১,TK. 100,TK. 86,
গাছও খায়! (কোড-১৫১),সিসিমপুর,TK. 120,TK. 103,
মজায় মজায় লিখি ও পড়ি ১ম খন্ড,সিসিমপুর,TK. 210,TK. 181,
মজার কুকিজ,তানজীল হাসান,TK. 150,TK. 118,Product in stock
আমরা পারি (কোড -১৩৫),শান্তিময় চাকমা,TK. 100,TK. 86,
মুক্তিযুদ্ধের কমিক সিরিজ-৫ : বীরযোদ্ধা ইমান আলী,মেজর কামরুল হাসান ভূঁইয়া,TK. 60,TK. 52,
সিসিমপুরে লুকোচুরি খেলা,সিসিমপুর,TK. 180,TK. 155,
দাদাভাই আর আমি টুকটুকি (কোড-১০৫),সিসিমপুর,TK. 120,TK. 103,
বুবলিদের এক বিকেল,আনিসুল হক,TK. 70,TK. 60,
ইকরির বেগুনি রং (কোড -১৪২),সিসিমপুর,TK. 320,TK. 275,
শ্বাপদ সনে,নাবিল মুহতাসিম,TK. 500,TK. 392,
সালাদিয়ার সুষম খাবার (কোড - ৯২),শান্তিময় চাকমা,TK. 92,TK. 79,
চীনের উপকথা ,পাঞ্জেরী সৃজনশীল সম্পাদনা পর্ষদ,TK. 150,TK. 129,
"কর্ণ - মহাভারতের দানশীল, অভাগা বীর",অমর চিত্র কথা,TK. 150,TK. 129,Product in stock
হর-পার্বতী,অমর চিত্র কথা,TK. 150,TK. 129,Product in stock
হেমলিনের বাঁশিওয়ালা,ডব্লিউসিবি,TK. 75,TK. 67,
কাঠির কেরামতি,সিসিমপুর,TK. 220,TK. 189,
অগ্নিযোদ্ধা ,শান্তনা শান্তুমা,TK. 160,TK. 138,
পেতলের শহর (সচিত্র আরব্য রজনীর গল্প-৫),তানজিনা আক্তার,TK. 75,TK. 65,
জাদুকর হালুম,সিসিমপুর,TK. 150,TK. 129,
ছোটদের সেরা গোপাল ভাঁড় নাসির উদ্দিন বীরবলের কমিকস,অরূপ তালুকদার ,TK. 150,TK. 129,
সিনডারেলা,সাহিত্য প্রকাশ,TK. 80,TK. 69,
বীজ থেকে থালায় (কোড -১৩৯),মোঃ শাহ আলম,TK. 92,TK. 79,
সিসিমপুরে বাইয়োস্কোপ,সিসিমপুর,TK. 130,TK. 112,
দিচ্ছি পাড়ি মামার বাড়ি,সিসিমপুর,TK. 200,TK. 172,
দেখবো ঘুরে জগৎটাকে (কোড -১৩২),ড. বিনয় বর্মন,TK. 120,TK. 103,
উচিত শাস্তি,সব্যসাচী মিস্ত্রী,TK. 80,TK. 69,
"এলজা অক্টাভেলা সিরিজ পর্ব ২ : স্কাইলিট সিটি, পৃথিবী ",আমের মোস্তাক,TK. 180,TK. 155,
বুদ্ধিমান বীরবল,অমর চিত্র কথা,TK. 180,TK. 155,Product in stock
গণেশ-সকল বিপদে উদ্ধারকারী,অমর চিত্র কথা,TK. 180,TK. 155,Product in stock
গঙ্গা -স্বর্গীয় সৌন্দর্য,অমর চিত্র কথা,TK. 180,TK. 155,Product in stock
গঙ্গা -স্বর্গীয় সৌন্দর্য,অমর চিত্র কথা,TK. 180,TK. 155,Product in stock
হলদে হাঁসের ছানা,সফিক রহমান,TK. 90,TK. 81,
গুফি স্টোরি ডু- বাংলা ভার্সন ,ওয়ালিউল্লাহ ভূঁইয়া,TK. 90,TK. 81,
যাদুকরের সাগরেদ ,সাহিত্য প্রকাশ,TK. 80,TK. 69,
ভুলোমনা জাদুকর (কোড-১৪৩),সিসিমপুর,TK. 92,TK. 79,
সিনডারেলা,ডব্লিউসিবি,TK. 75,TK. 67,
উপযুক্ত পুরস্কার,আখতার হুসেন,TK. 80,TK. 69,
রাজকন্যা রুপালি,সব্যসাচী মিস্ত্রী,TK. 80,TK. 69,
"ইয়োরি, সবার সেরা তুমিই ",অ্যান ব্রেব্রুক্স,TK. 75,TK. 65,
আলুর খোঁজে (বড়) (কোড -১১৪),সিসিমপুর,TK. 320,TK. 275,
খোকা মিয়া ও গাছ পাকা আম,সিসিমপুর,TK. 120,TK. 103,
রাজা মাইডাস ও সোনার ছোঁয়া,ডব্লিউসিবি,TK. 75,TK. 67,
নীলকমল আর লালকমল,ডব্লিউসিবি,TK. 80,TK. 72,
সিনডারেলা: মুখোশ-পরা নাচের আসর,আন্দ্রেয়া পোসনার-সানচেৎজ,TK. 75,TK. 65,
গোয়েন্দা শিকুর রহস্য অভিযান (কোড-১৪৫),সিসিমপুর,TK. 120,TK. 103,
হাতি যখন কাবু,মনি হায়দার ,TK. 65,TK. 56,
এসো পরিবেশ ভালো রাখি,আফরোজা পারভীন,TK. 80,TK. 69,
ছোটদের প্রিয় টম এন্ড জেরী,সাঈদ আনাম,TK. 200,TK. 166,
প্রকৃত শিষ্য,সব্যসাচী মিস্ত্রী,TK. 80,TK. 69,
আজব দেশে এলিস,ডব্লিউসিবি,TK. 75,TK. 67,
তুতি ও ফুলগাছ,ফারজানা রহমান,TK. 120,TK. 103,
বর্গরাজা আর ত্রিভুজ রানী (কোড-১১৫),সিসিমপুর,TK. 310,TK. 267,
টোনা ও টুনির গল্প ,আনিসুল হক,TK. 270,TK. 232,
ধূর্ত উজির,আখতার হুসেন,TK. 80,TK. 69,
দুই ভাই,সব্যসাচী মিস্ত্রী,TK. 80,TK. 69,
ব্যাঙের ডিম ব্যাঙের ছানা (কোড -১৩৩),সিসিমপুর,TK. 120,TK. 103,
ভারি মজা তো!,ধ্রুব এষ,TK. 130,TK. 116,
পানি - বড় রঙিন বই (কোড-১১২),সিসিমপুর,TK. 310,TK. 267,
বঙ্গবন্ধু শেখ মুজিব,সৈয়দ নজমুল আবদাল ,TK. 120,TK. 103,
হাতি ও ইদুঁরছানা,বর্ণালী চৌধুরী,TK. 100,TK. 86,
বুদ্ধির গল্প,হো লাই লিন,TK. 200,TK. 172,
ঈশপের শ্রেষ্ঠ গল্প(রঙ্গিন),শুভ্র শ্যাম,TK. 240,TK. 206,
টুকটুকি ও চেরাগের দৈত্য,সিসিমপুর,TK. 200,TK. 172,
গাছভূত ( পপ্‌ আপ সিরিজ ১৪ ),আহসান হাবীব (কার্টুনিস্ট),TK. 200,TK. 172,
নরহরি দাস,উপেন্দ্রকিশোর রায়চৌধুরী,TK. 60,TK. 50,
বর্ণ গল্পে গড়ি আত্নবিশ্বাস - বর্ণ গল্প-৪,ওয়ালিউল্লাহ ভূঁইয়া,TK. 60,TK. 50,Product in stock
রিফাতের গল্প,সুভাষ চন্দ্র সূতার,TK. 80,TK. 66,
ঈগল পাখি কোথায় গেল? (কোড-১৪৬),শান্তিময় চাকমা,TK. 120,TK. 103,
চাঁদের ডিম,সফিক রহমান,TK. 80,TK. 72,
মায়ের আদর,সালেহা চৌধুরী,TK. 120,TK. 103,
অহংকারী তোতা,আখতার হুসেন,TK. 80,TK. 69,
কিনব যা দরকারের,সিসিমপুর,TK. 250,TK. 215,
আরো কমিকস,আহসান হাবীব (কার্টুনিস্ট),TK. 150,TK. 129,
ইকরিদের নতুন খেলা,সিসিমপুর,TK. 120,TK. 103,
এ্যাডভেঞ্চার কমিকস্‌,আহসান হাবিব,TK. 150,TK. 129,
আমি প্রথম হয়েছি ,রফিকুজ্জামান হুমায়ুন,TK. 60,TK. 52,
এক যে ছিল মা গাছ,মোহাম্মদ মারুফ খান,TK. 75,TK. 68,
শটিমটি,মোঃ শাহ আলম,TK. 100,TK. 86,
রংপাতার গাছ,ধ্রুব এষ,TK. 80,TK. 69,
"রাজকুমারী এলজা অক্টাভেলা সিরিজ পর্ব ৩ : রণ ঝংকার, বাংলাদেশ ",আমের মোস্তাক,TK. 190,TK. 163,
টম এন্ড জেরী : গিফট প্যাকেট ,প্রগতি পাবলিশার্স,TK. 175,TK. 151,
খোকা মিয়া ও গাইড হালুম,সিসিমপুর,TK. 140,TK. 120,
ডরিমন,সৈয়দ মহসীন আলী,TK. 60,TK. 42,
কাসাহারা,মোঃ আহসান হাবীব,TK. 125,TK. 108,
হাতির সাথি ,দীপু মাহমুদ,TK. 80,TK. 69,
বাটুল শাহ,ধ্রুব নীল,TK. 100,TK. 86,
আরব্য রজনীর গল্প ,ওঙ হুই খেই,TK. 180,TK. 155,
ইতুন তিতুন,সানজিদা তিন্নি,TK. 130,TK. 112,
বেসিক আলী সিরিজ (১-১৪ খণ্ড একত্রে),শাহরিয়ার,"TK. 3,080","TK. 2,622",
গুরুপূর্ণিমার রাতে যত কাণ্ড,আহসান হাবীব (কার্টুনিস্ট),TK. 240,TK. 206,
অরুণ বরুণ কিরণমালা,ডব্লিউসিবি,TK. 75,TK. 67,
অরুণ বরুণ কিরণমালা,ডব্লিউসিবি,TK. 75,TK. 67,
সবজি ভাসে ভেলায়,সিসিমপুর,TK. 200,TK. 172,
দুঃসাহসী টিনের সৈনিক,কিডস্‌ বুকস্‌,TK. 95,TK. 63,
কাঠের জুতা,ফজলে নূর ভূঁইয়া অর্ণব,TK. 60,TK. 47,
ডাইনোসর ,রশীদ নিউটন,TK. 80,TK. 69,
ভোজের ভোজবাজি,আখতার হুসেন,TK. 80,TK. 69,
মৎসকন্যা,ডব্লিউসিবি,TK. 75,TK. 67,
ফাংসাং,সাদিকা রুমন,TK. 175,TK. 157,
ছোট্ট গোলরুটি,তন্ময় হাসান,TK. 130,TK. 116,
কংকাবতী,ফারজানা তান্নী,TK. 165,TK. 141,
গালিভার,ডব্লিউসিবি,TK. 75,TK. 67,
ভূতের নাম হাবাগঙ্গারাম,ইমদাদুল হক মিলন,TK. 135,TK. 116,
মুরগিছানা ও তার মা,বহ্নি বেপারী,TK. 80,TK. 69,
মারুফ কমিক্স সিরিজঃ ১ম-৬ষ্ঠ খণ্ড,তৌহিদুল ইকবাল সম্পদ,"TK. 1,072",TK. 923,
কৃপন ধনী,ফজলে নূর ভূঁইয়া অর্ণব,TK. 60,TK. 47,
যখন বড় হব,মোঃ শাহ আলম,TK. 100,TK. 86,
পিঁপড়ে ও হাতির যুদ্ধ,শাম্মী তুলতুল,TK. 100,TK. 86,
মিষ্টি (নাসিরুদ্দিন হোজ্জার হাসির গল্প ৮),শরিফুল ইসলাম ভুঁইয়া,TK. 50,TK. 41,
খান্দান চাচা,সরদার জয়নুল আবেদীন,TK. 60,TK. 52,
বাবু সিরিজ (১-১২ খণ্ড একত্রে),শাহরিয়ার,"TK. 1,400","TK. 1,202",
পাখিদের খুশির দিন,মোজাম্মেল হক নিয়োগী,TK. 150,TK. 134,
ময়ূরপঙ্খি নাও,সিসিমপুর,TK. 250,TK. 215,
টুনটুনি আর রাজা,ডব্লিউসিবি,TK. 70,TK. 63,
পরমা হারিয়ে গিয়েছিল,ঝর্না রহমান,TK. 120,TK. 103,
দুঃসাহসী টিনটিন: কঙ্গোয় টিনটিন,অ্যার্জে,TK. 120,TK. 103,
মাইটি পাঞ্চ স্টুডিওস: সাবাশ (ভলিউম- ২),সামির আসরান রহমান,TK. 299,TK. 289,
বৃষ্টি ও ব্যাঙ,ড. বিনয় বর্মন,TK. 80,TK. 69,
পাপিয়া,মোহাম্মদ মারুফ খান,TK. 95,TK. 86,
কম্পুকার্টুন,আহসান হাবীব (কার্টুনিস্ট),TK. 50,TK. 43,
কিটু,জিল্লুর রহমান সিদ্দিকী (লিটারেসি ডিরেক্টর),TK. 100,TK. 86,
বাঁটুল সমগ্র (কমিক্স সমগ্র),নারায়ণ দেবনাথ ,TK. 100,TK. 86,
ছোট লাল পিঁপড়ে,কামরুল কাদের চৌধুরী,TK. 100,TK. 86,
কদাকার হাঁসছানার গল্প,ফজলে নূর ভূঁইয়া অর্ণব,TK. 60,TK. 47,
দুষ্টছেলে বাবলু,সুভাষ চন্দ্র সূতার,TK. 80,TK. 66,
গল্প মেলা ছবির খেলা,অরূপ তালুকদার ,TK. 150,TK. 129,
সবুজ হাতি,মোজাম্মেল হক নিয়োগী,TK. 80,TK. 69,
মাইটি পাঞ্চ স্টুডিওস: সাবাশ (ভলিউম- ১),সামির আসরান রহমান,TK. 380,TK. 361,
তাতুম তুতুম,মোহাম্মদ শামসুল কবির,TK. 100,TK. 91,
পিপু ও বাঘা,মনি হায়দার ,TK. 80,TK. 69,
সৃজনীর ইচ্ছে,সুভাষ চন্দ্র সূতার,TK. 80,TK. 66,
লাল্টু আর বল্টু,অমর মজুমদার,TK. 100,TK. 86,
শিয়াল কাকের গল্প,মোহাম্মদ তাহের হোসেন,TK. 60,TK. 52,
বিপদে পাশে দাঁড়াও ,আফরোজা পারভীন,TK. 80,TK. 69,
বোবা আর্তনাদ,হাসিব কমাল,TK. 135,TK. 116,
কাঠের মানুষ পিনোকিও,ফাদার মারিনো রিগন,TK. 250,TK. 215,
তুষার কন্যা,ফজলে নূর ভূঁইয়া অর্ণব,TK. 60,TK. 47,
রাজার কান কোথায়,সিসিমপুর,TK. 350,TK. 301,
বানর হলো বনের রাজা,এনায়েত রসুল,TK. 80,TK. 63,
হাঁদা ভোঁদা সমগ্র,নারায়ণ দেবনাথ ,TK. 80,TK. 63,
দ্য গিভিং ট্রি ,শেল সিলভারস্টেন,TK. 100,TK. 90,
হাসির সেরা কমিকস,চন্দ্রছাপ পর্ষদ,TK. 215,TK. 185,
রুম্পু-ঝুম্পু,দীপু মাহমুদ,TK. 90,TK. 77,
তিন পেয়ারা তিন বোন,আহমেদ রিয়াজ,TK. 75,TK. 65,
জাদুর তলোয়ার,সৈয়দা উম্মে হাবীবা ,TK. 60,TK. 52,
ছোট বিড়াল বড় বিড়াল,আহমেদ রিয়াজ,TK. 100,TK. 86,
পিঠা বুড়ি,ড. বিনয় বর্মন,TK. 100,TK. 86,
সারা যখন চাঁদ গিলে ফেলল,আলীম আজিজ,TK. 120,TK. 107,
ফায়ারফাইটার,মাইক্রোটেক,TK. 180,TK. 161,
বাটুল শাহ ও ফটেং,ধ্রুব নীল,TK. 100,TK. 86,
ইঁদুর ব্যাঙ শালিক,উত্তম ধর ,TK. 100,TK. 86,
মজার গাড়ি,নীল বজ্রকান্ত,TK. 70,TK. 60,
মজার গাড়ি,নীল বজ্রকান্ত,TK. 70,TK. 60,
The Tintin Collection: The Adventure of Tintin - Compact Edition (Set of 8) (The Adventures of Tintin – Compact Editions),অ্যার্জে,TK. 70,TK. 60,Product in stock
নীল কুমিরের বাচ্চা,ঝর্না রহমান,TK. 120,TK. 103,
পৃথিবীর কানের খোঁজে,ইউয়ান ইয়ুসওয়ানদি,TK. 150,TK. 129,
এক প্যাঁচার গল্প,হেদিয়াহ আল-আমিন,TK. 120,TK. 94,
লোভী কাক,আলমগীর রহমান,TK. 60,TK. 50,
পল্টু যখন রতনপুরে,খোরশেদ বাহার,TK. 80,TK. 69,
বিপদ তারণ পাঁচন,ভ্লাদিমির সুতেয়েভ,TK. 70,TK. 58,
সাহসীদের গল্প,নিলয় নন্দী,TK. 180,TK. 155,
ছোটা ভিম,সৈয়দ মহসীন আলী,TK. 60,TK. 42,
Miracle At Happy Bazaar,রাসকিন বন্ড ,TK. 60,TK. 42,Product in stock
দুঃসাহসী টিনটিন: চাঁদে টিনটিন,অ্যার্জে,TK. 60,TK. 42,
বারবি,সৈয়দ মহসীন আলী,TK. 60,TK. 42,
মোরগ আর রঙ; খামখেয়ালী বেড়াল,ভ্লাদিমির সুতেয়েভ,TK. 70,TK. 58,
সামুদ্রিক প্রাণী,হারপ্রিত কর,TK. 150,TK. 124,
দুঃসাহসী টিনটিন: সোভিয়েত দেশে,অ্যার্জে,TK. 150,TK. 124,
জিরোধনী,নিখিল চন্দ্র দাস,TK. 175,TK. 157,
প্রজাপতির গল্প,প্রণামী দাস,TK. 80,TK. 69,
গুফি বর্ণ গল্প - ৩ (প্রবলেম সলভিং স্কিল),ওয়ালিউল্লাহ ভূঁইয়া,TK. 80,TK. 69,
মরুরহস্য : শঙ্কু ও আদিম মানুষ ,সত্যজিৎ রায়,TK. 80,TK. 69,
একটি ক্ষুধার্ত বেড়াল,ফিলিস কিং,TK. 50,TK. 43,
নেবু ফুলের গন্ধে,আল মাহমুদ,TK. 80,TK. 72,
বাবিনের ডাইনোসর,দীপ্তি সরকার,TK. 150,TK. 134,
ভয়ংকর ডাইনোসর,আনিকা ওয়ারদা তুবা,TK. 200,TK. 169,
তিন বন্ধুর গল্প,আনিকা ওয়ারদা তুবা,TK. 200,TK. 169,
ক্ষুদে গুলবাজ,নিকোলাই নোসভ,TK. 100,TK. 86,
স্পাইডারম্যান-২,সিফাত ই আযম,TK. 140,TK. 120,
The Adventures of Tintin Paperback Boxed Set 23 titles,অ্যার্জে,TK. 140,TK. 120,Product in stock
চিতই পাখি,আহমেদ রিয়াজ,TK. 120,TK. 103,
জ্যান্ত টুপি,নিকোলাই নোসভ,TK. 60,TK. 50,
দুঃসাহসী টিনটিন: লাল বোম্বেটের গুপ্তধন,অ্যার্জে,TK. 60,TK. 50,
অভিমানী ইলিশ,শাহনেওয়াজ চৌধুরী,TK. 80,TK. 69,
মাসালা,আনিকা ওয়ারদা তুবা,TK. 185,TK. 157,
টিনটিন: কালো সোনার দেশে ,অ্যার্জে,TK. 185,TK. 157,
টিটুংকা,নাসরীন মুস্তাফা,TK. 100,TK. 86,
"ডোরেমন, টম এণ্ড জেরী",আয়েশা সিদ্দিকা শেলী,TK. 300,TK. 269,
শিয়ালের দৌড়,জিল্লুর রহমান সিদ্দিকী (লিটারেসি ডিরেক্টর),TK. 100,TK. 86,
ছোট্ট রাজকুমার,হারপ্রিত কর,TK. 120,TK. 103,
বিপ্লবীদের দঙ্গলে টিনটিন,অ্যার্জে,TK. 120,TK. 103,
দার্জিলিং জমজমাট (ফেলুদা উপন্যাস ১৫),সত্যজিৎ রায়,TK. 120,TK. 103,
কিংবদন্তি মুক্তির মহানায়ক গণজোয়ার,ডা: খালেদ শওকত আলী,TK. 250,TK. 233,
আনন্দের স্কুল,সফিক রহমান,TK. 60,TK. 54,
রাপুনজেল,হেলাল উদ্দিন আহমেদ,TK. 120,TK. 103,
ফুলমনি,সাদিকা রুমন,TK. 175,TK. 157,
স্পাইডারম্যান-১,সিফাত ই আযম,TK. 140,TK. 120,
তরু,নাজিয়া জাবীন,TK. 100,TK. 86,
অমরনাথ : অনন্ত দহন (ডাইরেক্টরস কাট),রাগীব নিহাল তন্ময়,TK. 200,TK. 193,
মুক্তি,শাহাদ সাইফ খন্দকার,TK. 130,TK. 112,
চাচা চৌধুরী ট্রক আর চোর,প্রাণ,TK. 130,TK. 112,
দুঃসাহসী টিনটিন: বোম্বেটে জাহাজ ,অ্যার্জে,TK. 130,TK. 112,
বাহাদুর বেড়াল সমগ্র (কমিক্স সমগ্র),নারায়ণ দেবনাথ ,TK. 130,TK. 112,
উটের কাফেলা ,খালিনা খালিলি,TK. 120,TK. 94,
উটপাখি উড়ছে,মোহাম্মদ শাহ আলম,TK. 250,TK. 224,
রহস্যময় খেলনার বাক্স,ইনা ইনং,TK. 150,TK. 129,
সত্যি রাজা,দীপু মাহমুদ,TK. 80,TK. 69,
ঘুমের দেশে রাজকুমারী,ফজলে নূর ভূঁইয়া অর্ণব,TK. 60,TK. 47,
বাঘ মামা ও রূপাই,ধ্রুব এষ,TK. 120,TK. 103,
আই রিমেমবার বৈরুত,জেইনা অ্যাবিরাসেদ,TK. 470,TK. 368,
ব্যাঙের ছাতা,ভ্লাদিমির সুতেয়েভ,TK. 60,TK. 47,
দুঃসাহসী টিনটিন: ফ্লাইট ৭১৪ গন্তব্য সিডনি,অ্যার্জে,TK. 60,TK. 47,
বন্যপ্রাণী,হারপ্রিত কর,TK. 150,TK. 124,
বন্যপ্রাণী,হারপ্রিত কর,TK. 150,TK. 124,
দুঃসাহসী টিনটিন: নীলকমল,অ্যার্জে,TK. 150,TK. 124,
Lathial,মাইটি পাঞ্চ স্টুডিওস্,TK. 130,TK. 121,
প্রকৃতির নিয়ম,ইভগেনিই ক্লুয়েফ,TK. 100,TK. 90,
হাসির সেরা কমিকস,চন্দ্রছাপ পর্ষদ,TK. 215,TK. 185,
মঙ্গল গ্রহের সুপার হিরো,সাঈদ বারী,TK. 70,TK. 60,
বাঘ মামার শুভ জন্মদিন,শুচিস্মিতা,TK. 450,TK. 387,
দাঁত পরীর উপহার,ঝর্না রহমান,TK. 120,TK. 103,
পাহাড়ে বেড়ানো,উত্তম ধর ,TK. 70,TK. 60,
হ্যানসেল ও গ্রেটেল,সঞ্জয় রায়,TK. 80,TK. 69,
এ আবার কোন পাখি?,ভ্লাদিমির সুতেয়েভ,TK. 60,TK. 50,
কখন আমি বড় হবো,গোলাম কিবরিয়া,TK. 65,TK. 56,
লাইলী সিরিজ (১-২) (রকমারি কালেকশন),শাহরিয়ার,TK. 460,TK. 395,
তিন বেড়াল,ভ্লাদিমির সুতেয়েভ,TK. 60,TK. 50,
শেয়াল-দেবতা রহস্য ( ফেলুদা সিরিজ ৪ ),সত্যজিৎ রায়,TK. 60,TK. 50,
হাতির লড়াই,আহমেদ রিয়াজ,TK. 100,TK. 86,
গল্প আর ছবি-৪: ম্যাও করল কে?,ননী ভৌমিক,TK. 85,TK. 73,
গল্প আর ছবি-৩: ব্যাঙের ছাতা,ননী ভৌমিক,TK. 85,TK. 73,
প্রজাপতির গল্প,কাজী তাহমিনা ,TK. 130,TK. 112,
দাদুর হাতে জাদুর লাঠি,মঞ্জু সরকার,TK. 180,TK. 155,
ফার গাছ,ভ্লাদিমির সুতেয়েভ,TK. 60,TK. 50,
ম্যাও করল কে?,ভ্লাদিমির সুতেয়েভ,TK. 60,TK. 50,
আ গার্ল ওয়াক্স হোম এলোন এট নাইট,এনা লিলি,TK. 85,TK. 79,
সেরা নন্টে ফন্টে সমগ্র,নারায়ণ দেবনাথ ,TK. 85,TK. 79,
কালোরাজা,সুভাষ চন্দ্র সূতার,TK. 80,TK. 66,
গৌরবের ম্যাজিক বল,মোস্তফা মামুন,TK. 150,TK. 134,
গল্প আর ছবি-৫: নানা মাপের চাকা,ননী ভৌমিক,TK. 85,TK. 73,
মীনা ও রাজুর গল্প,বাপ্পী রহমান,TK. 200,TK. 172,
ঋতুর জাদুঘর,নীল বজ্রকান্ত,TK. 80,TK. 69,
পুপু এবং তার ড্রয়িং খাতার ভূতেরা,ধ্রুব এষ,TK. 280,TK. 241,
চাচা চৌধুরী আর সাবুর জন্মদিন,প্রাণ,TK. 280,TK. 241,
ঢালের খোঁজে ,রনে গোসিনি,TK. 280,TK. 241,
চন্দন পাহাড়ে,সালেক খোকন,TK. 250,TK. 224,
টাইরোনি : ত্রাসের রাজত্ব,প্রগতি পাবলিশার্স,TK. 55,TK. 47,
টোপন মাছ খায় না ,ডা. সিদ্ধার্থ মজুমদার,TK. 100,TK. 90,
আম্মুর জন্মদিন,মঈন মুরসালিন,TK. 80,TK. 69,
সিন্ডারেলা,হারপ্রিত কর,TK. 120,TK. 103,
নানা মাপের চাকা,ভ্লাদিমির সুতেয়েভ,TK. 60,TK. 50,
কাঠবিড়ালির গান ,উত্তম ধর ,TK. 80,TK. 69,
অদভূত বদভূত,খায়রুল বাবুই,TK. 175,TK. 154,
বোসপুকুরে খুনখারাপি ( ফেলুদা সিরিজ ১০ ),সত্যজিৎ রায়,TK. 175,TK. 154,
রয়েল বেঙ্গল রহস্য (ফেলুদা কমিক্স),সত্যজিৎ রায়,TK. 175,TK. 154,
ঝাউ বাংলোর রহস্য (কমিক্স) ,নারায়ণ গঙ্গোপাধ্যায়,TK. 175,TK. 154,
হইটি টইটি টই,আখতার হুসেন,TK. 80,TK. 69,
এক যে ছিল হরিণ ছানা,জহিরুল ইসলাম,TK. 150,TK. 129,
সুজন ও হাতি ভুত,আহমেদ রিয়াজ,TK. 175,TK. 157,
জঙ্গলের গল্প,হারপ্রিত কর,TK. 120,TK. 103,
অপু ও পরি,দন্ত্যস রওশন,TK. 60,TK. 52,
বাইনো দাদা ভাই,মাইক্রোটেক,TK. 180,TK. 161,
A Midsummer Night's Dream: The Graphic Novel,উইলিয়াম শেক্সপীয়ার,TK. 180,TK. 161,Product in stock
টেনিদা আর সিন্ধুঘোটক টেনিদা আর ইয়েতি,নারায়ণ গঙ্গোপাধ্যায়,TK. 180,TK. 161,
প্রোফেসর শঙ্কু - হাড়:রোবু (প্রোফেসর শঙ্কু কমিক্স),সত্যজিৎ রায়,TK. 180,TK. 161,
My First Learning Story Bag,লিটল এঞ্জেল,TK. 950,TK. 694,
ব্যাঙের ছাতার নিচে,জাহীদ রেজা নূর,TK. 80,TK. 69,
খেপা গরু,আশিক মুস্তাফা,TK. 100,TK. 86,
গাছের ভালোবাসা,শ্রেয়সী অতন্দ্রিলা,TK. 200,TK. 172,
কেশবতী রাজকন্যা,আসাদ চৌধুরী,TK. 130,TK. 112,
ভূতু কুতু আর তুমি,অদ্বৈত মারুত,TK. 80,TK. 69,
মাছ খাবে ভূতোং,রিদওয়ান আক্রাম,TK. 120,TK. 107,
গেদা পাগলা-১,জহির খান ,TK. 150,TK. 129,
গ্যাংটকে গণ্ডগোল (ফেলুদা কমিক্স),সত্যজিৎ রায়,TK. 150,TK. 129,
গ্যাংটকে গণ্ডগোল (ফেলুদা কমিক্স),সত্যজিৎ রায়,TK. 150,TK. 129,
জাহাঙ্গীরের স্বর্ণমুদ্রা ( ফেলুদা সিরিজ ৯ ),সত্যজিৎ রায়,TK. 150,TK. 129,
মানরো দ্বীপ : আশ্চর্জন্তু (প্রোফেসর শঙ্কু ),সত্যজিৎ রায়,TK. 150,TK. 129,
ডোরেমন-১,জ. হোসেন,TK. 100,TK. 78,
দৈত্যের ইচ্ছেপূরণ,ধ্রুব নীল,TK. 100,TK. 86,
পুটুর বদলে যাওয়া ,নিশাত সুলতানা,TK. 120,TK. 103,
কাকের গান শেখা,ইকবাল খন্দকার,TK. 80,TK. 63,
সাধু শয়তান ,মুহাম্মদ ফরিদ উদ্দিন খান,TK. 40,TK. 31,
সাদা বকের গল্প,দন্ত্যস রওশন,TK. 100,TK. 86,
বুদ্ধির রাজা ডোরেমন,মোহাম্মদ সালাহউদ্দিন,TK. 150,TK. 129,
বাঘংরিলা,ড. শাহজাহান তপন,TK. 75,TK. 65,
তুলি ও চিল,কাইজার চৌধুরী,TK. 90,TK. 81,
টম এন্ড জেরী,হারুন-আর-রশীদ,TK. 140,TK. 120,
আমাদের শিক্ষক সিংহ মশাই,ইনা ইনং,TK. 180,TK. 155,
বড় ব্যাঙ আর গরু,তামান্না মিনহাজ,TK. 60,TK. 50,
প্রোফেসর শঙ্কু চী-চিং-আশ্চর্য পুতুল (প্রোফেসর শঙ্কু কমিক্স),সত্যজিৎ রায়,TK. 60,TK. 50,
ব্রিটেনে অ্যাসটেরিক্স ,রনে গোসিনি,TK. 60,TK. 50,
পুতুলদ্বীপের ভূত ,আলম সিদ্দিকী,TK. 200,TK. 172,
টমের নেপাল ভ্রমণ ,আরাফাত খান,TK. 50,TK. 43,
মিলেমিশে থাকি,নিশাত সুলতানা,TK. 120,TK. 103,
মুনা ও ফুলমণি,শরিফুল ইসলাম ভুঁইয়া,TK. 80,TK. 69,
ড্রাগন রাজা,রওনক আফরোজা,TK. 100,TK. 78,
আনারসের মাথায় সবুজ মুকুট (মারমা- বাংলা),সাদিয়া আফরিন,TK. 130,TK. 112,
ঘুড়ি ধরা,ইউয়ান ইয়ুসওয়ানদি,TK. 200,TK. 166,
মানুষের বন্ধু,মাধব রায়,TK. 75,TK. 65,
মেঘের পিঠে চড়ে,ইউয়ান ইয়ুসওয়ানদি,TK. 180,TK. 155,
তিন বন্ধু,তামান্না মিনহাজ,TK. 60,TK. 50,
টম এন্ড জেরীর হাসির গল্প ,ফারহান আমিন সোহান,TK. 80,TK. 69,
রাজকুমার ও রাজকুমারী ,ক্রিস্টোফার রসন,TK. 130,TK. 112,
পরীর দেশে মিলি,গোলাম কিবরিয়া,TK. 80,TK. 69,
Shabash -07,মাইটি পাঞ্চ স্টুডিওস্,TK. 130,TK. 121,
The Well,হার্পীত কউর,TK. 120,TK. 103,
ফ্যান্টম কমিকস সিরিজ এর (১০ টি বই) ,ডায়মণ্ড কমিক্স,TK. 120,TK. 103,
পুটন ও সাদা বিড়াল,দন্ত্যস রওশন,TK. 80,TK. 69,
ঈদের দিন সকালে,আমীরুল ইসলাম,TK. 90,TK. 77,
নীল প্রজাপতি,মোস্তফা হোসেইন,TK. 100,TK. 86,
হাম্বা ডাম্বা মাম্বা,মোঃ মোস্তাফিজুর রহমান,TK. 100,TK. 86,
সাগরে গেল মিউ ব্যাঙ,আপন অপু,TK. 70,TK. 60,
ইঁদুর ও কাক,ইকবাল খন্দকার,TK. 60,TK. 52,
বিড়ালের গলায় ঘন্টা,মনি হায়দার ,TK. 100,TK. 86,
ছোট্ট চড়ুই,খসরু চৌধুরী,TK. 90,TK. 77,
তীর্থভূমি,রাশেদ রউফ,TK. 100,TK. 78,
দুই ভাই,তামান্না মিনহাজ,TK. 60,TK. 50,
মালালাস ম্যাজিক পেন্সিল,মালালা ইউসুফজাই,TK. 200,TK. 172,
আনারসের মাথায় সবুজ মুকুট (চাকমা-বাংলা),সাদিয়া আফরিন,TK. 130,TK. 112,
টম এন্ড জেরীর মজার গল্প ,ফারহান আমিন সোহান,TK. 80,TK. 69,
ছোটরাও বড় হয়,আখতার হুসেন,TK. 100,TK. 86,
বাজপাখি ও বুলবুলি,গাজী প্রকাশনী,TK. 95,TK. 63,
দাঁড়কাক ও দোয়েল,গাজী প্রকাশনী,TK. 95,TK. 63,
হ্যামিলিনের বাঁশিওয়ালা - পপআপ বই (বাংলা),পিকে রায়,TK. 300,TK. 258,
গোঁসাইপুর সরগরম ( ফেলুদা সিরিজ ৮ ),সত্যজিৎ রায়,TK. 300,TK. 258,
ডানপিটে (কমিকস্) ,সুদীপ্ত মণ্ডল ,TK. 300,TK. 258,
বিধু দারোগা,শীর্ষেন্দু মুখোপাধ্যায়,TK. 300,TK. 258,
রোমাঞ্চকর চিত্রকাহিনী,দেব সাহিত্য কুটীর,TK. 300,TK. 258,
চাচা চৌধুরী আর গাছের ফল,প্রাণ,TK. 300,TK. 258,
Shabash 02,মাইটি পাঞ্চ স্টুডিওস্,TK. 130,TK. 121,
বিল্লুর বন্ধু,প্রাণ,TK. 130,TK. 121,
Shabash -06,মাইটি পাঞ্চ স্টুডিওস্,TK. 130,TK. 121,
এক যে ছিলো ড্রাগন রাজা,আহমাদ স্বাধীন,TK. 100,TK. 86,
হাবুলদার বুদ্ধি,গোফরান উদ্দীন টিটু,TK. 70,TK. 55,
নিয়তি,আনোয়ারা আলম,TK. 90,TK. 77,
নিয়তি,আনোয়ারা আলম,TK. 90,TK. 77,
লেজআলা ঘুড়ি,আশরাফুল আলম পিনটু,TK. 100,TK. 86,
 মা রাজহাঁস,দীপু মাহমুদ,TK. 90,TK. 77,
পরীর দেওয়া জামা,আশিক মুস্তাফা,TK. 90,TK. 77,
মোরগ রাজা লালু,আশরাফুল আলম পিনটু,TK. 100,TK. 86,
মা কাক বাবা কাক,উৎপলকান্তি বড়ুয়া,TK. 100,TK. 78,
তিয়াশার মোমরং,রেজিনা ইসলাম,TK. 80,TK. 69,
পুঁটিমাছের হাসি,হোসনে আরা জাহান,TK. 100,TK. 86,
আমাদের নিশি বিড়াল,মোস্তফা হোসেইন,TK. 100,TK. 86,
তিতলির অজানা,শেখ আবদুল হাকিম,TK. 100,TK. 86,
টুপুর স্কুল,সুভাষ চন্দ্র সূতার,TK. 80,TK. 66,
কাকের ভালোবাসায় বিড়াল ও কাক,উত্তম ধর ,TK. 100,TK. 78,
শাকচুন্নি আর বামুনবউ,কাবেরী মোস্তফা,TK. 100,TK. 86,
এলিয়েন বন্ধু জেডএক্স স্পেস ওয়াইটি,নাওফাত ইউসুফ ইউশা,TK. 150,TK. 129,
লালপরী নীলপরী,জামাল রেজা,TK. 100,TK. 86,
অনেক অনেক দিন আগে হুক্কা টানতো বাঘে,ইশতিয়াক হাসান,TK. 250,TK. 224,
পরি আর ভাইরাস ,মাহফুজ রহমান,TK. 100,TK. 90,
ম্যাঁও ডট কম,মোহাম্মদ শহীদুল্লাহ,TK. 150,TK. 134,
বিল্লি বয়,মনি,TK. 80,TK. 69,
ছোট্ট এক পাখির গল্প,নাজনীন ইমাম,TK. 150,TK. 129,
পপ আপ : হ্যামিলনের রাজা,মুহম্মদ নূরুল হুদা,TK. 250,TK. 215,
বিপদ আনে অহংকার ,হারুন উর রশীদ,TK. 60,TK. 52,
লাল পিঁপড়ার সেলফি মেয়ে,অদ্বৈত মারুত,TK. 80,TK. 69,
লাল নীল হলুদ ঘুড়ি,দীপক সাহা,TK. 80,TK. 69,
ফুলের দেশের রাজপুত্র,আনা পি দেউয়িয়ানা,TK. 180,TK. 155,
চাচা চৌধুরী আর ইম্পোর্টেড কার,প্রাণ,TK. 180,TK. 155,
ফটাশ করে ফুটল ব্যাঙ,মির্জা নুশরাত লিন্ডা,TK. 100,TK. 86,
পরির পোষা প্রজাপতি,অরণ্য প্রভা,TK. 100,TK. 86,
Star Toons,ডেইলি স্টার বুকস,TK. 200,TK. 179,
জন পাম্পের উত্তরাধিকার ১ম পর্ব,জো জেট জোকো অ্যার্জে ,TK. 200,TK. 179,
রাবেয়া কত ভালো মেয়ে,আখতার হুসেন,TK. 100,TK. 86,
হাসিকান্নার গল্প,রফিকুর রশীদ,TK. 90,TK. 77,
নাশপাতির গাছের ভাগ্য,জ্যোতির্ময় মল্লিক,TK. 80,TK. 69,
স্বাধীনতা আমার অহংকার,রফিকুর রশীদ,TK. 90,TK. 77,
এক যে বিলাইছানা,আমীরুল ইসলাম,TK. 100,TK. 78,
সিফাতের প্রথম ইশকুল দিন,কামাল হোসাইন,TK. 90,TK. 77,
জিতে গেল ব্যাঙছানা,কামাল হোসাইন,TK. 80,TK. 69,
নীরাজনা ও নীল আমগাছ,ঝর্না রহমান,TK. 100,TK. 86,
ভূত কোথায় থাকে?,এস এম রাকিবুর রহমান,TK. 60,TK. 52,
স্কুলে যেতে ভয় নেই,খায়রুল বাবুই,TK. 100,TK. 86,
মিমির বাগান,সুভাষ চন্দ্র সূতার,TK. 80,TK. 66,
রাতুলের জন্মদিন,সুভাষ চন্দ্র সূতার,TK. 80,TK. 66,
অয়ন ও একটি গাছ ,মালেক মাহমুদ,TK. 120,TK. 94,
একটি তালগাছের কাহিনি,বিএম বরকতউল্লাহ,TK. 100,TK. 86,
যাদুর দেশ পকিমন,ডাঃ তানিয়া সুলতানা লাভলী,TK. 150,TK. 129,
লাল বুকের দুই টিয়া,তামান্না মিনহাজ,TK. 60,TK. 50,
বোয়াল রাজা কাচকি মন্ত্রী,সুজন বড়ুয়া,TK. 100,TK. 86,
যমজ ইঁদুর,সুমন্ত আসলাম,TK. 100,TK. 86,
এক যে ছিল কেঁচো,ইকবাল খন্দকার,TK. 60,TK. 52,
অ্যাডর্ন ছোটদের গল্প সিরিজ ,অ্যাডর্ন বুক্‌স ফর চিলড্রেন (এবিসি),TK. 805,TK. 732,
ঘোড়া ও শূকর,গাজী প্রকাশনী,TK. 95,TK. 63,
গাধা ও শূকর,গাজী প্রকাশনী,TK. 95,TK. 63,
প্রাণ চাচা চৌধুরী আর শেখ ইব্নবতুতা,প্রাণ,TK. 95,TK. 63,
সেরা হাঁদা ভোঁদা সমগ্র,নারায়ণ দেবনাথ ,TK. 95,TK. 63,
পিঙ্কী ল্যাপটপ,প্রাণ,TK. 95,TK. 63,
Spider Man ,গাজী প্রকাশনী,TK. 130,TK. 84,
Ms. Shabash -2,সামির আসরান রহমান,TK. 130,TK. 121,
প্রাণ চাচা চৌধুরী আর ব্যাঙ্কের ডাকাত,প্রাণ,TK. 130,TK. 121,
বাঁশিবাদক মেয়ে,আনা পি দেউয়িয়ানা,TK. 180,TK. 155,
দুষ্টু হাতি,তামান্না মিনহাজ,TK. 60,TK. 53,
হাতির শুঁড়ে বৃষ্টি নামে,আশিক মুস্তাফা,TK. 100,TK. 86,
হাতির শুঁড়ে বৃষ্টি নামে,আশিক মুস্তাফা,TK. 100,TK. 86,
দোলনের একদিন,অনীক মাহমুদ,TK. 90,TK. 77,
ছেঁড়া কাগজের গল্প,আমীরুল ইসলাম,TK. 90,TK. 77,
রিকশা চলে আকাশপথে,দীপক সাহা,TK. 90,TK. 77,
ছোট্টপাখি চন্দনা,হাসান আলীম,TK. 120,TK. 98,
ফিলু ফকিরের হিরের থলে,মালেক মাহমুদ,TK. 100,TK. 78,
শিয়ালের গল্প ,উপেন্দ্রকিশোর রায়চৌধুরী,TK. 100,TK. 86,
সোনার ছেলে,শাহজাহান কিবরিয়া,TK. 60,TK. 52,
বনে গ্রীষ্ম উৎসব,কাভী নওয়াজ,TK. 100,TK. 86,
ব্যাটসম্যান ভুতোং,রিদওয়ান আক্রাম,TK. 120,TK. 103,
রবিনের একদিন,সুভাষ চন্দ্র সূতার,TK. 80,TK. 66,
ফুলগুলো যেন পাখি,কাজী কেয়া ,TK. 100,TK. 86,
গানের সুরে অনেক দূরে,আনজীর লিটন,TK. 100,TK. 86,
পাখির জন্য ভালোবাসা,দীপংকর চক্রবর্তী,TK. 60,TK. 52,
শিয়াল ও তার বউ,প্রসন্ন কুমার চাকমা,TK. 100,TK. 78,
এখন সময় ঘুমাতে যাওয়ার শুনছো দুষ্টু ভেড়া,এলিশান রিচি,TK. 150,TK. 129,
চি,কাজী কেয়া ,TK. 100,TK. 86,
ছোট্ট পিঁপড়ে ও এক টুকরো কেক,আহমেদ মুশফিকা নাজনীন,TK. 200,TK. 179,
বিড়াল ও ইঁদুর,মাহমুদুল হাসান নিজামী,TK. 80,TK. 69,
পামপা,টুম্পা দীপ্তি,TK. 100,TK. 86,
ঝুপ্‌কা ,বিলু কবীর,TK. 80,TK. 69,
সাবধানে থাকো মীনা,ডাঃ তানিয়া সুলতানা লাভলী,TK. 100,TK. 86,
মীনা ও তার বন্ধুরা,ডাঃ তানিয়া সুলতানা লাভলী,TK. 100,TK. 86,
শহরে এলো মীনা,ডাঃ তানিয়া সুলতানা লাভলী,TK. 100,TK. 86,
ছোটদের প্রিয় পাপাই,আ. ন. ম. আশফিকুর রহমান পাটওয়ারী,TK. 150,TK. 129,
খরগোশ কচ্ছপ দৌড়ের দ্বিতীয় পর্ব,নাজমুস সায়াদাত,TK. 100,TK. 86,
সেই যে এক পাখির ছানা,দীপংকর চক্রবর্তী,TK. 100,TK. 86,
টমের জাহাজে চাকরী ,আরাফাত খান,TK. 50,TK. 43,
আনাড়ির কাণ্ডকারখানা ৩ : আনাড়ি হল আঁকিয়ে,নিকোলাই নোসভ,TK. 80,TK. 66,
আনাড়ির কাণ্ডকারখানা (১-১৭ খণ্ড),নিকোলাই নোসভ,"TK. 1,360","TK. 1,066",
প্রফেসর শঙ্কু একশৃঙ্গ অভিযান,সত্যজিৎ রায়,"TK. 1,360","TK. 1,066",
ছোটদের সচিত্র আরব্য রজনীর গল্প কালেকশন,জাহিদুল ইসলাম,TK. 510,TK. 441,
পিঙ্কী আর জিন,প্রাণ,TK. 510,TK. 441,
গোখরো দ্বীপের ডাকিনী,কৌশিক কুন্ডূ,TK. 510,TK. 441,
The First Sunrise,হার্পীত কউর,TK. 120,TK. 103,
Language of the Birds,হার্পীত কউর,TK. 120,TK. 103,
আমাজন অভিযান,চুমকি চট্টোপাধ্যায়,TK. 120,TK. 103,
নন্টে ফন্টে - সোনায় সোহাগা ,নারায়ণ দেবনাথ ,TK. 120,TK. 103,
ময়ূখ চৌধুরী কমিক্‌স-সমগ্র-১,শান্তনু কায়সার,TK. 120,TK. 103,
পিঙ্কী আর দিদির ফোটো,প্রাণ,TK. 120,TK. 103,
পিঙ্কীর মা ও বাবা,প্রাণ,TK. 120,TK. 103,
Love of the Forest,হার্পীত কউর,TK. 120,TK. 103,
The Magic Mirror,হার্পীত কউর,TK. 120,TK. 103,
প্রাণ বিল্লু আর বজরঙ্গীর বাউন্সার,প্রাণ,TK. 120,TK. 103,
পিঙ্কী আর আতশবাজী,প্রাণ,TK. 120,TK. 103,
রাপ্পা রায় ও বাদামি চেয়ার,সুযোগ বন্দ্যোপাধ্যায়,TK. 120,TK. 103,
বিল্লুর গোয়া ভ্রমণ,প্রাণ,TK. 120,TK. 103,
পিঙ্কী আর মিস্‌ ওয়ার্ল্ড,প্রাণ,TK. 120,TK. 103,
ময়ূখ চৌধুরী কমিক্‌স-সমগ্র-২,তুষার মাজি,TK. 120,TK. 103,
বিল্লু - ৫,প্রাণ,TK. 120,TK. 103,
Sea Life,হার্পীত কউর,TK. 150,TK. 124,
পিঙ্কী আর টোকন টুপিওয়ালা,প্রাণ,TK. 150,TK. 124,
বিল্লু ক্যাচ আর কোচ,প্রাণ,TK. 150,TK. 124,
পিঙ্কী আর দাদুর খবরের কাগজ,প্রাণ,TK. 150,TK. 124,
আসমানির চর ( অদ্ভুতুড়ে সিরিজ ৩৬ ),শীর্ষেন্দু মুখোপাধ্যায়,TK. 150,TK. 124,
পিঙ্কীর ক্যামেরা,প্রাণ,TK. 150,TK. 124,
রিক্ত হবে রাত,আব্দুল মান্নান শিকদার,TK. 280,TK. 241,
পাখির জন্য,আহমেদ রিয়াজ,TK. 100,TK. 86,
অলক আর লালু,সুজন বড়ুয়া,TK. 100,TK. 86,
নীনা আর কাঠবিড়াল,খসরু চৌধুরী,TK. 90,TK. 77,
পরির সাথে আনন্দমেলায়,রাশেদ রউফ,TK. 100,TK. 86,
পরির সাথে আনন্দমেলায়,রাশেদ রউফ,TK. 100,TK. 86,
ন্যায়বিচার জিন্দাবাদ!,আহমদ মুহাম্মদ,TK. 160,TK. 133,
ভিনদেশি দুই পাখির গল্প ,আলমগীর আমিন আলো,TK. 140,TK. 122,
শিমুল পলাশ যখন ফুটল ,সুজন বড়ুয়া,TK. 100,TK. 78,
স্বপ্নের শৈশব ,আসলাম সানী,TK. 100,TK. 78,
বিনুর মুক্তি দেখা,বিপুল বড়ুয়া,TK. 100,TK. 78,
চিরায়ত কল্পকাহিনী ৫টি বইয়ের কালেকশন,হেলাল উদ্দিন আহমেদ,TK. 600,TK. 515,
মায়াবী সেই ভূত কন্যা,মুস্তাফিজ শফি,TK. 150,TK. 129,
কাকুকিও ইশকল,আহমেদ জাকির,TK. 125,TK. 108,
প্রজাপতি,অনীক মাহমুদ,TK. 90,TK. 77,
গবেট,এস এম রাকিবুর রহমান,TK. 100,TK. 86,
প্রজাপতি ও রঙধনু,জাভিয়ান ইয়ারুন মুস্তাফা,TK. 70,TK. 60,
রঙিন প্রজাপতি ,রাওমান স্মিতা,TK. 135,TK. 116,
ভূতুড়ে পাহাড়,ফারুক নওয়াজ,TK. 130,TK. 112,
এক যে ছিল সবুজ বন,কাভী নওয়াজ,TK. 100,TK. 86,
কুঁড়ে মেয়ের গল্প,কাবেরী মোস্তফা,TK. 100,TK. 86,
টুপুরের লাল ঘুড়ি,ইমন চৌধুরী,TK. 100,TK. 86,
বনের রাজা আসলে কে?,হাসান হাফিজ,TK. 60,TK. 52,
শোভার বিড়াল,হারুন উর রশীদ,TK. 100,TK. 86,
বুদ্ধির জোরে খাবার পেল কুমির,মির্জা নুশরাত লিন্ডা,TK. 100,TK. 86,
কাঠুরে ও তার দুই কন্যা,হুমায়ূন কবীর ঢালী,TK. 100,TK. 86,
অরুণ,ডাঃ মোঃ তোফায়েল হোসেন,TK. 200,TK. 172,
জনপ্রিয় খেলায় টম এন্ড জেরী,আহাদুজ্জামান নূর,TK. 175,TK. 151,
হাসতে থাকে তবলা পরী,শামীমা আক্তার শিউলী,TK. 200,TK. 172,
পরী কাটে ভূতের নাক,মোশাররফ হোসেন ভূঞা,TK. 170,TK. 146,
শিশুবাঘ ও মানুষ,মাহমুদুল হাসান নিজামী,TK. 80,TK. 69,
মা শেয়াল,বিলু কবীর,TK. 80,TK. 69,
বকুলতলার আড্ডাখানা,ইবনে হোসেন,TK. 140,TK. 120,
ছোটদের প্রিয় মিকিমাউস,ডাঃ তানিয়া সুলতানা লাভলী,TK. 150,TK. 129,
মীনা ও রাজুর গল্প,আ. ন. ম. আশফিকুর রহমান পাটওয়ারী,TK. 150,TK. 129,
ছোটদের সুপার ম্যান,ডাঃ তানিয়া সুলতানা লাভলী,TK. 150,TK. 129,
ছোটদের স্পাইডারম্যান,ডাঃ তানিয়া সুলতানা লাভলী,TK. 150,TK. 129,
ওয়াল্ট ডিজনির দি লায়ন কিং কালেকশন,জাসটিন কোরম্যান,TK. 300,TK. 260,
 ডিজনি প্রিন্সেস কালেকশন ,সাহিত্য প্রকাশ,TK. 600,TK. 520,
ডিজনি ডালমেশিয়ান কালেকশন,জাসটিন কোরম্যান,TK. 225,TK. 195,
তুফান ১ ও ২,আসিফুর রহমান,TK. 360,TK. 310,
আনাড়ির কাণ্ডকারখানা ২ : আনাড়ি হল বাজিয়ে,নিকোলাই নোসভ,TK. 80,TK. 66,
হাতিমা ও টুনটুনি,ঝর্না রহমান,TK. 100,TK. 86,
আনাড়ির কাণ্ডকারখানা ১৭ : গাড়ির মিস্ত্রি নাট-বলটু,নিকোলাই নোসভ,TK. 80,TK. 63,
আনাড়ির কাণ্ডকারখানা ১৪ : আজব পুরের আজব কথা,নিকোলাই নোসভ,TK. 80,TK. 63,
আনাড়ির কাণ্ডকারখানা ১৬ : জলসা,নিকোলাই নোসভ,TK. 80,TK. 63,
আনাড়ির কাণ্ডকারখানা ১৩ : আনাড়ির গালগল্প,নিকোলাই নোসভ,TK. 80,TK. 63,
আনাড়ির কাণ্ডকারখানা ১৫ : হাসপাতালে,নিকোলাই নোসভ,TK. 80,TK. 63,
আনাড়ির কাণ্ডকারখানা ৫ : সোডা-ওয়াটার গাড়িতে আনাড়ি,নিকোলাই নোসভ,TK. 80,TK. 63,
আনাড়ির কাণ্ডকারখানা ৭ : বেলুন ছাড়ার তোড়জোড়,নিকোলাই নোসভ,TK. 80,TK. 63,
আনাড়ির কাণ্ডকারখানা ৬ : চৌকসের বেলুন,নিকোলাই নোসভ,TK. 80,TK. 63,
আনাড়ির কাণ্ডকারখানা ১০ : ভীষণ কাণ্ড!,নিকোলাই নোসভ,TK. 80,TK. 63,
আনাড়ির কাণ্ডকারখানা ৯ : মেঘ মুলুকে,নিকোলাই নোসভ,TK. 80,TK. 63,
আনাড়ির কাণ্ডকারখানা ১২ : নতুন আলাপ,নিকোলাই নোসভ,TK. 80,TK. 63,
আনাড়ির কাণ্ডকারখানা ৮ : শূন্যে পাড়ি,নিকোলাই নোসভ,TK. 80,TK. 63,
আনাড়ির কাণ্ডকারখানা ১১ : অচিনপুরে,নিকোলাই নোসভ,TK. 80,TK. 63,
পরিবন্ধু ও জাদুর খাতা,অমিত কুমার কুণ্ডু,TK. 135,TK. 116,
ইমা ও দৈত্য ,রাইদাহ গালিবা,TK. 100,TK. 86,
আনাড়ির কাণ্ডকারখানা ৪ : আনাড়ি হল কবি,নিকোলাই নোসভ,TK. 80,TK. 63,
শিশুতোষ গল্পের পপ আপ কালেকশন ,শীর্ষেন্দু মুখোপাধ্যায়,"TK. 2,400","TK. 2,064",
আনাড়ির কাণ্ডকারখানা ১ : ফুলনগরীর টুকুনরা ,নিকোলাই নোসভ,TK. 80,TK. 66,
চাররঙা গল্প গ্রন্থমালা ৪টি বইয়ের কালেকশন,ঝর্না রহমান,TK. 480,TK. 412,
সোনামণিদের মজার গল্প ৫টি বইয়ের কালেকশন,মঞ্জু সরকার,"TK. 1,040",TK. 895,
শিশু-কিশোর কমিকস ও ছবির গল্প ৫টি বইয়ের প্যাকেজ,আনিসুল হক,TK. 365,TK. 314,
প্রসিদ্ধ পাবলিশার্স এর স্পাইডারম্যান কালেকশন,সিফাত ই আযম,TK. 280,TK. 240,
ছোটদের পরিবেশ ভাবনা সিরিজ ,খোরশেদ বাহার,TK. 340,TK. 293,
ছোটদের পরিবেশ ভাবনা সিরিজ ,খোরশেদ বাহার,TK. 340,TK. 293,
বেসিক আলী ১৪ ও বাবু ১২ (দুইটি বইয়ের কালেকশন),শাহরিয়ার,TK. 340,TK. 292,
কুহক কমিক্স এন্ড পাবলিকেশন এর অলৌকিক ৪টি বইয়ের কালেকশন,তারাশঙ্কর বন্দ্যোপাধ্যায়,"TK. 1,230",TK. 965,
সোমোর অভিযান কালেকশন ,শাহরিয়ার,TK. 830,TK. 714,
ছোটদের রঙিন নীতিগল্প সিরিজ ,সৈয়দা উম্মে হাবীবা ,TK. 520,TK. 448,
বিল্লু সুপার ব্যাট,প্রাণ,TK. 520,TK. 448,
চাচা চৌধুরী ডাইজেস্ট ২,প্রাণ,TK. 520,TK. 448,
সেরা বাটূল দি গ্রেট সমগ্র,নারায়ণ দেবনাথ ,TK. 520,TK. 448,
The Princess and the Golden Ball,হার্পীত কউর,TK. 120,TK. 103,
Pandoras Box,হার্পীত কউর,TK. 120,TK. 103,
পিঙ্কী আর টেলিফোন,প্রাণ,TK. 120,TK. 103,
পিঙ্কী আর জার,প্রাণ,TK. 120,TK. 103,
Wild Life,হার্পীত কউর,TK. 150,TK. 124,
চাচা চৌধুরী ও সাবুর ডাইনি,প্রাণ,TK. 150,TK. 124,
নন্টে ফন্টে - ৪,নারায়ণ দেবনাথ ,TK. 150,TK. 124,
প্রাণ বিল্লু-৯ - ডায়মণ্ড কমিকস ডাইজেস্ট,প্রাণ,TK. 150,TK. 124,
পিঙ্কি -৯,প্রাণ,TK. 150,TK. 124,
পিঙ্কী আর টীম ইণ্ডিয়া,প্রাণ,TK. 150,TK. 124,
ছোটা ভীম : বব্বন শের (২য় গল্প),হীরেন চট্টোপাধ্যায়,TK. 150,TK. 124,
গোয়েন্দা কৌশিক,নারায়ণ দেবনাথ ,TK. 150,TK. 124,
পিঙ্কীর কুকুর ছানা,প্রাণ,TK. 150,TK. 124,
বিল্লু আর সুপার মডেল,প্রাণ,TK. 150,TK. 124,
পিঙ্কীর চকলেট,প্রাণ,TK. 150,TK. 124,
Fable of Niulang and Zhinu,হার্পীত কউর,TK. 120,TK. 103,
পিঙ্কী আর কম্‌প্যুটার গেমেস,প্রাণ,TK. 120,TK. 103,
নন্টে ফন্টে - ১,নারায়ণ দেবনাথ ,TK. 120,TK. 103,
আর মিয়াঁ চিলগোজা,প্রাণ,TK. 120,TK. 103,
বিল্লু ফাইভ ষ্টার হোটেলে,প্রাণ,TK. 120,TK. 103,
The Story About Deer Monkey And Tiger,ইমদাদুল হক মিলন,TK. 135,TK. 116,
বাঁটুল দি গ্রেট - ৫,নারায়ণ দেবনাথ ,TK. 135,TK. 116,
তিন,ইন্দ্রানীল কাঞ্জিলাল,TK. 135,TK. 116,
হর্ষবর্ধন গোবর্ধন -২,সুযোগ বন্দ্যোপাধ্যায়,TK. 135,TK. 116,
ফেলুদা : ইন্দ্রজাল রহস্য (কমিক্স),সত্যজিৎ রায়,TK. 135,TK. 116,
পিঙ্কীর পুতুল,প্রাণ,TK. 135,TK. 116,
বিল্লু আর অদ্ভূত টুপি,প্রাণ,TK. 135,TK. 116,
পিঙ্কীর গাড়ী,প্রাণ,TK. 135,TK. 116,
বিল্লু বজরঙ্গীর বার্থডে,প্রাণ,TK. 135,TK. 116,
আনারসের মাথায় সবুজ মুকুট (ককবরক- বাংলা),সাদিয়া আফরিন,TK. 130,TK. 112,
ফ্যান্টম ২১,ডায়মণ্ড কমিক্স,TK. 130,TK. 112,
Tom and Jeri : Gift Packet ,প্রগতি পাবলিশার্স,TK. 300,TK. 258,
প্রাণ চাচা চৌধুরী আর রাকার অত্যাচার,প্রাণ,TK. 300,TK. 258,
The Turtle and The Crow,ফারদা উইচিয়ানস,TK. 150,TK. 140,
বড় হবে ঝিলমিল ,মুহম্মদ জাফর ইকবাল,TK. 150,TK. 129,
বিল্লু ক্রিকেটের ক্যাপ্টেন,প্রাণ,TK. 150,TK. 129,
গোয়েন্দা ফেলুদার রহস্য অ্যাডভেঞ্চার : নয়ন রহস্য (কমিকস),সত্যজিৎ রায়,TK. 150,TK. 129,
Superman ,গাজী প্রকাশনী,TK. 130,TK. 80,
মিশর রহস্য,সুনীল গঙ্গোপাধ্যায় (নীললোহিত),TK. 130,TK. 80,
ছোটা ভীম : সামুরাই স্যাম (সপ্তম গল্প),হীরেন চট্টোপাধ্যায়,TK. 130,TK. 80,
বাঁটুল দি গ্রেট - ৬,নারায়ণ দেবনাথ ,TK. 130,TK. 80,
পিঙ্কীর হাইট,প্রাণ,TK. 130,TK. 80,
প্রাণ চাচা চৌধুরী আর অদ্ভূত ওষুধ,প্রাণ,TK. 130,TK. 80,
ফ্যান্টম ৫৪,ডায়মণ্ড কমিক্স,TK. 130,TK. 80,
ফ্যান্টম ৪৪,ডায়মণ্ড কমিক্স,TK. 130,TK. 80,
নন্টে ফন্টে - ২,নারায়ণ দেবনাথ ,TK. 130,TK. 80,
ফ্যান্টম ৫১,ডায়মণ্ড কমিক্স,TK. 130,TK. 80,
বাঁটুল দি গ্রেট - ২,নারায়ণ দেবনাথ ,TK. 130,TK. 80,
লব-কুশ,অমর চিত্র কথা,TK. 130,TK. 80,
ছোটা ভীম :কোথায় গেল ভীম (প্রথম গল্প),হীরেন চট্টোপাধ্যায়,TK. 130,TK. 80,
Whose Little Buff IsThis? ,ওয়াজুপ্পা টুসসা,TK. 150,TK. 140,
Colour Pencil,রজিনা ইসলাম,TK. 100,TK. 86,
ফ্যান্টম আর লুটেরা একনায়ক,ডায়মণ্ড কমিক্স,TK. 100,TK. 86,
ফ্যান্টম আর লুটেরা একনায়ক,ডায়মণ্ড কমিক্স,TK. 100,TK. 86,
পিঙ্কী আর মোবাইল ভায়রাস,প্রাণ,TK. 100,TK. 86,
Demon and The Fisherman's Wife,রহীম শাহ,TK. 100,TK. 86,
হাঁদা ভোঁদা - ৬,নারায়ণ দেবনাথ ,TK. 100,TK. 86,
নন্টে ফন্টে - ৫,নারায়ণ দেবনাথ ,TK. 100,TK. 86,
বাঁটুল দি গ্রেট - ৩,নারায়ণ দেবনাথ ,TK. 100,TK. 86,
বাঁটুল দি গ্রেট - ৪,নারায়ণ দেবনাথ ,TK. 100,TK. 86,
নন্টে ফন্টে - ৩,নারায়ণ দেবনাথ ,TK. 100,TK. 86,
ফ্যান্টম ৪৫,ডায়মণ্ড কমিক্স,TK. 100,TK. 86,
বাঁটুল দি গ্রেট - ১,নারায়ণ দেবনাথ ,TK. 100,TK. 86,
বাছাই মিনি কমিক্স,ইন্দ্রানীল কাঞ্জিলাল,TK. 100,TK. 86,
ফ্যান্টম ২৯,ডায়মণ্ড কমিক্স,TK. 100,TK. 86,
ফ্যান্টম ৪৩,ডায়মণ্ড কমিক্স,TK. 100,TK. 86,
ফ্যান্টম চলমান অশরীরী ৭,ডায়মণ্ড কমিক্স,TK. 100,TK. 86,
ফ্যান্টম ২৮,ডায়মণ্ড কমিক্স,TK. 100,TK. 86,
অ্যাসটেরিক্স সিরিজ (১১টি বইয়ের রকমারি কালেকশন),রনে গোসিনি,TK. 100,TK. 86,
টিনটিন সিরিজ (২৪টি বই রকমারি কালেকশন),অ্যার্জে,TK. 100,TK. 86,
প্রাণ পিঙ্কী আর ঝপটজীর জন্মদিন,প্রাণ,TK. 100,TK. 86,
মঙ্গল মিশন ১,শাহরিয়ার,TK. 167,TK. 125,
মঙ্গল-মিশন ২,শাহরিয়ার,TK. 180,TK. 135,
ছোটা ভীম : অদৃশ্য মানুষ (ষোড়শ গল্প),হীরেন চট্টোপাধ্যায়,TK. 180,TK. 135,
ছোটা ভীম : একদিনের রাজা,হীরেন চট্টোপাধ্যায়,TK. 180,TK. 135,
ছোটা ভীম : যেমন খুশি ছোটোবড়ো,হীরেন চট্টোপাধ্যায়,TK. 180,TK. 135,
ফ্যান্টম ৫০,ডায়মণ্ড কমিক্স,TK. 180,TK. 135,
ফ্যান্টম ৫৮,ডায়মণ্ড কমিক্স,TK. 180,TK. 135,
ফ্যান্টম ৪৮,ডায়মণ্ড কমিক্স,TK. 180,TK. 135,
Chi,কাজী কেয়া ,TK. 100,TK. 86,
THE STORY OF PORI,আমীরুল ইসলাম,TK. 100,TK. 86,
ফ্যান্টম ৫৩,ডায়মণ্ড কমিক্স,TK. 100,TK. 86,
হাঁদা ভোঁদা - ১,নারায়ণ দেবনাথ ,TK. 100,TK. 86,
ফ্যান্টম ৪১,ডায়মণ্ড কমিক্স,TK. 100,TK. 86,
নন্টে ফন্টে ফাটাফাটি ,নারায়ণ দেবনাথ ,TK. 100,TK. 86,
আলাদিন : জাদুর গালিচায় সফর ,সাহিত্য প্রকাশ,TK. 75,TK. 65,
মুশি হল খুশি,মুহম্মদ জাফর ইকবাল,TK. 150,TK. 129,
নন্টে ফন্টে হুলুস্থুল ,নারায়ণ দেবনাথ ,TK. 150,TK. 129,
ছোটা ভীম : জংলিদের দেশে (সপ্তদশ গল্প),হীরেন চট্টোপাধ্যায়,TK. 150,TK. 129,
ছোটা ভীম : ভীম এবার কাউবয়,হীরেন চট্টোপাধ্যায়,TK. 150,TK. 129,
ছোটা ভীম : মহিলা বনাম মহিলা প্রতিযোগিতা,কৌশিককুমার মাইতি,TK. 150,TK. 129,
ছোটা ভীম : বোতল থেকে বেরোল দৈত্য (অষ্টবিংশ গল্প),কৌশিককুমার মাইতি,TK. 150,TK. 129,
ছোটা ভীম : দেওয়ালির রাতে বিস্ফোরণ (সপ্তবিংশ গল্প),কৌশিককুমার মাইতি,TK. 150,TK. 129,
ছোটা ভীম : শিবানী ধাবা,কৌশিককুমার মাইতি,TK. 150,TK. 129,
ছোটা ভীম : ঢোলকপুরে সমুন্দ্রদানব অ.সা.জী (পঞ্চবিংশ গল্প),কৌশিককুমার মাইতি,TK. 150,TK. 129,
ছোটা ভীম : ঢোলকপুর অ্যাথলেটিকস্ চ্যাম্পিয়নশিপ (চতুবিংশ গল্প),কৌশিককুমার মাইতি,TK. 150,TK. 129,
ছোটা ভীম : ইন্দুমতীর জন্মদিন,কৌশিককুমার মাইতি,TK. 150,TK. 129,
ছোটা ভীম : ষড়যন্ত্রী মহামন্ত্রী (ষষ্ঠবিংশ গল্প),কৌশিককুমার মাইতি,TK. 150,TK. 129,
ছোটা ভীম : ষাঁড়দৌড়ের টক্কর,হীরেন চট্টোপাধ্যায়,TK. 150,TK. 129,
Shower from trunk,আশিক মুস্তাফা,TK. 100,TK. 86,
Rupkumar,রুপ কুমার বালাসিং,TK. 100,TK. 86,
কমিক্স-সমগ্র-২,ময়ূখ চৌধুরী,TK. 100,TK. 86,
পরশুরাম কমিক্‌স,পরশুরাম,TK. 100,TK. 86,
ক্লান্ত বাতি,তানজীল হাসান,TK. 150,TK. 118,
Cinderella - Popup Book (English),পিকে রায়,TK. 300,TK. 258,
গোয়েন্দা টিকটিকি ও হারানো ডিম,আহমেদ রিয়াজ,TK. 100,TK. 74,
হালুমের গ্রামে যাওয়া (কোড -১০৪),সিসিমপুর,TK. 80,TK. 69,
বামবি ,ফেলিক্স সালটন,TK. 75,TK. 68,
রুহান রুহান,মুহম্মদ জাফর ইকবাল,TK. 135,TK. 121,
দুর্জয় ৮: কবির মনসুর,তৌহিদুল ইকবাল সম্পদ,TK. 50,TK. 45,
পশুরাজ্যের রাজা ,অ্যান ব্রেব্রুক্স,TK. 50,TK. 43,
দুর্জয় ৯ঃ কিংবদন্তী,তৌহিদুল ইকবাল সম্পদ,TK. 50,TK. 45,
দুর্জয় ৭ঃ প্রতিশ্রুতি,তৌহিদুল ইকবাল সম্পদ,TK. 50,TK. 43,
Peppa Pig: Little Library (3 to 6 years),পাপ্পা পিগ,TK. 50,TK. 43,
Peppa Pig: Little Library (3 to 6 years),পাপ্পা পিগ,TK. 50,TK. 43,
মিকি ও তার বন্ধুরা: চলো যাই এয়ারপোর্ট ,বারবারা বাজালদুয়া,TK. 50,TK. 43,
লুঙ্গিম্যান মশাতঙ্ক,রোমেল বড়ুয়া,TK. 135,TK. 119,
দাদু-নাদু-: রহস্যময় চুম্বক দ্বীপ,আরাফাত করিম ,TK. 120,TK. 106,
হাঁদা ভোঁদা - ২,নারায়ণ দেবনাথ ,TK. 120,TK. 106,
হাঁদা ভোঁদা - ৩,নারায়ণ দেবনাথ ,TK. 120,TK. 106,
হাঁদা ভোঁদা - ৪,নারায়ণ দেবনাথ ,TK. 120,TK. 106,
হাঁদা ভোঁদা - ৫,নারায়ণ দেবনাথ ,TK. 120,TK. 106,
জব্বর খামারবাড়ি ,পৌলোমী সেনগুপ্ত ,TK. 120,TK. 106,
আবোল তাবোল ,সুকুমার রায়,TK. 120,TK. 106,
কমিক্স-সমগ্র,বিশ্বদেব গঙ্গোপাধ্যায়,TK. 120,TK. 106,
কমিক্স-সমগ্র-১,গৌতম কর্মকার,TK. 120,TK. 106,
ছড়ায় ছোটদের রবীন্দ্রনাথ (কমিক্স) ,মহম্মদ মোজহারুল হামিদ,TK. 120,TK. 106,
The Pied Piper of Hamelin - Popup Book (English),পিকে রায়,TK. 300,TK. 258,
Comics and Picture Stories 3 books,আনিসুল হক,TK. 205,TK. 187,
রিশাদ -৩,নাভিদ হোসেন,TK. 60,TK. 51,
বনের রাজা টারজান ,এরিক সুবেন,TK. 75,TK. 56,
পু-হ দিল উপহার ,ইসাবেল গেইন্স,TK. 50,TK. 45,
জিতুর পিকনিক,আসিফুর রহমান,TK. 70,TK. 63,
ইচ্ছে মতন স্বপ্নপূরণ,সিসিমপুর,TK. 100,TK. 86,
সাই-ফাই কমিক্স সংকলন,মুহম্মদ জাফর ইকবাল,TK. 220,TK. 188,
তুমিও পারবে,সিসিমপুর,TK. 100,TK. 74,
হারকিউলিস (ওয়াল্ড ডিজনি পিকচার্স-এর ‘হারকিউলিস’ ছায়াছবির কাহিনী অবলম্বনে),জাসটিন কোরম্যান,TK. 75,TK. 56,
গ্রাফিক নভেল-৯ : মুজিব - মিশন পাঞ্জাব,সেন্টার ফর রিসার্চ এন্ড ইনফরমেশন,TK. 150,TK. 132,
সিসিমপুর কমিকস,সিসিমপুর,TK. 140,TK. 120,
মৃত্যু পাথার ১,আরাফাত করিম ,TK. 100,TK. 90,
ট্রিটেরিয়াম রহস্য,আহসান হাবীব (কার্টুনিস্ট),TK. 120,TK. 106,
Dork Diaries - Crush Catastrophe : Tales From a not - so - fabulous Life ,র‍্যাচেল রিনী রাসেল,TK. 120,TK. 106,
ব্যাকবেঞ্চার্স ক্লাব,সৈয়দ রাশাদ ইমাম তন্ময়,TK. 80,TK. 72,
মধুবৃক্ষ ,সাহিত্য প্রকাশ,TK. 50,TK. 43,
 জিতু আর তান্ত্রিক,র‌্যাটস,TK. 70,TK. 63,
Dork Diaries: Crush Catastrophe,র‍্যাচেল রিনী রাসেল,TK. 70,TK. 63,
Tom Gates - Everything's Amazing (Sort of),এল. পিকন,TK. 70,TK. 63,
 কমিক্‌স ভয়ঙ্কর পোকা,আহসান হাবীব (কার্টুনিস্ট),TK. 120,TK. 84,
নাইমা না রাইমা,সৈয়দ রাশাদ ইমাম তন্ময়,TK. 60,TK. 54,
মুক্তিযুদ্ধের কমিক সিরিজ-৬ : মুক্তিযোদ্ধা মাঝি আব্বাস,মেজর কামরুল হাসান ভূঁইয়া,TK. 60,TK. 45,
3Llers,ইন্দ্রানীল কাঞ্জিলাল,TK. 60,TK. 45,
আমার বেড়াল তুলতুলি,মুস্তাফা পান্না,TK. 75,TK. 67,
বোকা কুমিরের কথা,উপেন্দ্রকিশোর রায়চৌধুরী,TK. 60,TK. 45,
মুক্তিযুদ্ধের কমিক সিরিজ-২ : কিশোর যোদ্ধা সালাম,মেজর কামরুল হাসান ভূঁইয়া,TK. 60,TK. 54,
মীনপিশাচ,মেহেদী হক ,TK. 120,TK. 106,
তনু: ভীরু মেয়ের সাহসী গল্প,বুশরা ফেরদৌসী,TK. 80,TK. 60,
Marvel Comics: The Untold Story (P.S),সোন হাউ,TK. 80,TK. 60,
"One Punch Man, Vol. 1",ওয়ান এন্ড ইউসুকে মুরাতা,TK. 80,TK. 60,
রুশ বিপ্লব : কী ঘটেছিল ?,ননী ভৌমিক,TK. 300,TK. 255,
নিউটনের তিন সূত্র,নাসরীন সুলতানা মিতু,TK. 100,TK. 90,
কোপা শামসু,মেহেদী হাসান,TK. 50,TK. 45,
আগুন ও হালুমের পায়েস,সিসিমপুর,TK. 120,TK. 106,
রং পিশাচ,নুরুল আফতাব,TK. 100,TK. 90,
গুণ্ডা-পাণ্ডা,অনিন্দ্য আহমেদ,TK. 80,TK. 68,
কুয়াশা : ডার্করুম,RJ শারমীন,TK. 270,TK. 203,
আমি আর বাবা কেক বানাই,ডব্লিউসিবি,TK. 75,TK. 68,
Thea Stilton And The DragonS Code,জেরোনিমো স্টিল্টন ,TK. 75,TK. 68,
Thea Stilton and the Legend of the Fire Flowers,জেরোনিমো স্টিল্টন ,TK. 75,TK. 68,
Introducing Joyce : A Graphic Guide,ডেভিড নর্রিস,TK. 75,TK. 68,
Marvel: The Mighty Avengers 4 In 1 Fun Battle Cry,ওয়াল্ট ডিজনী কোম্পানী প্রাইভেট লিমিটেড ,TK. 75,TK. 68,
Attack on Titan 1,হাজিমে ইসায়ামা,TK. 75,TK. 68,
মোটু পাতলু,কিডস্‌ বুকস্‌,TK. 220,TK. 143,
ইকরির ইচ্ছে গাছ,সিসিমপুর,TK. 100,TK. 90,
এলজা অক্টাভেলা সিরিজ পর্ব ১ : একটি সাম্রাজ্যের মৃত্যু,আমের মোস্তাক,TK. 220,TK. 187,
রিশাদ ট্রিলজি,নাভিদ হোসেন,TK. 200,TK. 179,
রিশাদ ট্রিলজি,নাভিদ হোসেন,TK. 200,TK. 179,
ইব্রাহীম : সোলেমানী আংটি -২,তানজিম উল ইসলাম,TK. 70,TK. 63,
আহ্! কাশ্মীর,মেহেদী হক ,TK. 250,TK. 213,
ইব্রাহীম সোলেমানী আংটি ,তানজিম উল ইসলাম,TK. 70,TK. 63,
শীত লেগেছে বাঘের,আহমেদ রিয়াজ,TK. 80,TK. 72,
পানি (কোড -১০৯,মোঃ শাহ আলম,TK. 310,TK. 264,
Thea Stilton and the Great Tulip Heist,জেরোনিমো স্টিল্টন ,TK. 310,TK. 264,
The Avengers - Battle Against Loki,থমাস প্যালাসিওস ,TK. 310,TK. 264,
Geronimo Stilton Spacemice 5 : Rescue Rebellion ,জেরোনিমো স্টিল্টন ,TK. 310,TK. 264,
বিল্টু দ্যা বস,আহসান হাবীব (কার্টুনিস্ট),TK. 140,TK. 123,
Silent Letters Phonics,স্টারলিং পাবলিশার্স,TK. 140,TK. 123,
Habibi (Pantheon Graphic Library),ক্রেইগ থমসন,TK. 140,TK. 123,
আমি আঁকতে পারি (বয়স-৩-৬),ভন ওই চিন,TK. 55,TK. 50,
জিতু আর টিইইইইইই,আসিফুর রহমান রাতুল,TK. 60,TK. 54,
সিন্দাবাদের বাণিজ্য যাত্রা,সরদার জয়নুল আবেদীন,TK. 60,TK. 54,
নবীন কমিক্স ডাইজেস্ট,জুবায়ের আলম,TK. 200,TK. 176,
বানর আর কুমির,নূর-ই-মোনতাকিম আলমগীর,TK. 50,TK. 45,
আলাদিন ও জাদুর বাতি,ডব্লিউসিবি,TK. 75,TK. 64,
বানর ও কুমির,কিডস্‌ বুকস্‌,TK. 95,TK. 59,
ডালিম কুমার,ডব্লিউসিবি,TK. 80,TK. 72,
নিপুর রঙিন একদিন,নিশাত সুলতানা,TK. 80,TK. 72,
জেসমিন ,মারগো লুনডেল,TK. 75,TK. 68,
The Galactic Goal,জেরোনিমো স্টিল্টন ,TK. 75,TK. 68,
Bleach Manga Comics (All volumes),টিটে কুবো ,TK. 75,TK. 68,
Blue Exorcist Manga Comics (All volumes),কাজু ক্যাটো,TK. 75,TK. 68,
Avengers Storybook Collection,স্কলাসটিক,TK. 75,TK. 68,
Iron Man Vs Mandarin,স্কলাসটিক,TK. 75,TK. 68,
Reluctant Dragon -Level 4 (Usborne First Reading),কেনেথ গ্রাহাম,TK. 75,TK. 68,
Just For Boys,প্যারাগন বুকস লিমিটেড,TK. 75,TK. 68,
নানান কাজের নানান নাম (কোড-১৫০),সিসিমপুর,TK. 92,TK. 83,
কক্সবাজারের কাকাতুয়া,ফরিদুর রেজা সাগর,TK. 100,TK. 90,
ডোরেমন কমিক্স(৩ খন্ড একত্রে ডোরেমন স্টিকারসহ),ফুজিকো এফ. ফুজিও,TK. 165,TK. 145,
শেয়াল ও সিংহ,ডব্লিউসিবি,TK. 90,TK. 81,
উম্মাদ রম্যটুন ,আহসান হাবীব (কার্টুনিস্ট),TK. 175,TK. 131,
গল্প আর ছবি-১ : মুরগিছানা হাঁসের ছানা,ননী ভৌমিক,TK. 95,TK. 86,
অং বং চং,ধ্রুব এষ,TK. 130,TK. 116,
আলিবাবা ও চল্লিশ চোর,ডব্লিউসিবি,TK. 75,TK. 64,
Marvel 1602,নিল গেইম্যান,TK. 75,TK. 64,
Are You My Mother?,অ্যালিসন বিচডেল,TK. 75,TK. 64,
Creepshow ,স্টিফেন কিং,TK. 75,TK. 64,
Creepella Von Cacklefur (Boxed Set),জেরোনিমো স্টিল্টন ,TK. 75,TK. 64,
Heromice Flood Mission,জেরোনিমো স্টিল্টন ,TK. 75,TK. 64,
Geronimo Stilton Graphic Novels -3: The Coliseum Con,জেরোনিমো স্টিল্টন ,TK. 75,TK. 64,
BHIMAYANA: Experiences of Untouchability,সুভাষ ভিম,TK. 75,TK. 64,
"One Piece Box Set 2: Skypiea and Water Seven, Volumes 24-46",এইচিরো ওডা,TK. 75,TK. 64,
Dog Man -07: For Whom The Ball Rolls (Age 8 To 12),ডেভ পিলকেই,TK. 75,TK. 64,
Hulk Vs The Abomination,স্কলাসটিক,TK. 75,TK. 64,
Iron Man Armored 2 In 1: Awesome Armory / Trial By Fire,স্কলাসটিক,TK. 75,TK. 64,
Thor The Movie Story book,স্কলাসটিক,TK. 75,TK. 64,
Marvel: The Amazing Spider-Man The 3-In-1,ওয়াল্ট ডিজনী কোম্পানী প্রাইভেট লিমিটেড ,TK. 75,TK. 64,
Little Heroes : Bheema ,লতা আগারওয়াল ,TK. 75,TK. 64,
Little Heroes : Ganesha ,লতা আগারওয়াল ,TK. 75,TK. 64,
Little Heroes : Hanuman ,লতা আগারওয়াল ,TK. 75,TK. 64,
Little Heroes : Krisna ,লতা আগারওয়াল ,TK. 75,TK. 64,
Little Heroes : Luv Kush ,লতা আগারওয়াল ,TK. 75,TK. 64,
"One Punch Man, Vol. 2",ওয়ান এন্ড ইউসুকে মুরাতা,TK. 75,TK. 64,
Zom 100,হারো আসো,TK. 75,TK. 64,
মিনুর স্কুল,আহসান হাবীব (কার্টুনিস্ট),TK. 70,TK. 63,
Puss in Boots,ড্রিমল্যান্ড পাবলিকেশন্স,TK. 70,TK. 63,
Uncle Moon: Peter Pan,ড্রিমল্যান্ড পাবলিকেশন্স,TK. 70,TK. 63,
Uncle Moons Fairy Tales: Puss In Boots ,ড্রিমল্যান্ড পাবলিকেশন্স,TK. 70,TK. 63,
Uncle Moons Fairy Tales: Puss In Boots ,ড্রিমল্যান্ড পাবলিকেশন্স,TK. 70,TK. 63,
Little Red Riding Hood,ড্রিমল্যান্ড পাবলিকেশন্স,TK. 70,TK. 63,
Thor The Mighty,স্কলাসটিক,TK. 70,TK. 63,
Kubera's Pride,স্টার টিভি কমিক্স,TK. 70,TK. 63,
Mighty Little Bheem - Little Dreamer Coloring Book,ওয়ান্ডার হাউজ বুকস,TK. 70,TK. 63,
Mighty Little Bheem - Best Pals Coloring Book,ওয়ান্ডার হাউজ বুকস,TK. 70,TK. 63,
Chhota Bheem - Ready for the Olympics,ওয়ান্ডার হাউজ বুকস,TK. 70,TK. 63,
Chhota Bheem - Love Your Profession,ওয়ান্ডার হাউজ বুকস,TK. 70,TK. 63,
Mighty Little Bheem - Let's Play Outside,ওয়ান্ডার হাউজ বুকস,TK. 70,TK. 63,
Mighty Little Bheem - Forever Together,ওয়ান্ডার হাউজ বুকস,TK. 70,TK. 63,
Mighty Little Bheem - Join The Fun,ওয়ান্ডার হাউজ বুকস,TK. 70,TK. 63,
Mighty Little Bheem - Happy Times,ওয়ান্ডার হাউজ বুকস,TK. 70,TK. 63,
Mighty Little Bheem - Outdoor Fun,ওয়ান্ডার হাউজ বুকস,TK. 70,TK. 63,
Mighty Little Bheem - Playtime,ওয়ান্ডার হাউজ বুকস,TK. 70,TK. 63,
Chhota Bheem - It's Fun Together,ওয়ান্ডার হাউজ বুকস,TK. 70,TK. 63,
Chhota Bheem - Dholakpur Dhamal,ওয়ান্ডার হাউজ বুকস,TK. 70,TK. 63,
Caillou,ওয়ান্ডার হাউজ বুকস,TK. 70,TK. 63,
Jungle Adventure ,ওয়ান্ডার হাউজ বুকস,TK. 70,TK. 63,
Ready For Action,ওয়ান্ডার হাউজ বুকস,TK. 70,TK. 63,
Caillou,ওয়ান্ডার হাউজ বুকস,TK. 70,TK. 63,
Caillou,ওয়ান্ডার হাউজ বুকস,TK. 70,TK. 63,
Caillou,ওয়ান্ডার হাউজ বুকস,TK. 70,TK. 63,
Caillou,ওয়ান্ডার হাউজ বুকস,TK. 70,TK. 63,
Caillou,ওয়ান্ডার হাউজ বুকস,TK. 70,TK. 63,
Caillou,ওয়ান্ডার হাউজ বুকস,TK. 70,TK. 63,
Caillou,ওয়ান্ডার হাউজ বুকস,TK. 70,TK. 63,
Caillou,ওয়ান্ডার হাউজ বুকস,TK. 70,TK. 63,
Tattva - An Aspect of Reality,ওয়ান্ডার হাউজ বুকস,TK. 70,TK. 63,
My Big Book of Creative Crayons,ওয়ান্ডার হাউজ বুকস,TK. 70,TK. 63,
Mamma Mia,ওয়ান্ডার হাউজ বুকস,TK. 70,TK. 63,
Short Stories From Panchatantra - Volume 5,ওয়ান্ডার হাউজ বুকস,TK. 70,TK. 63,
Short Stories From Panchatantra - Volume 7,ওয়ান্ডার হাউজ বুকস,TK. 70,TK. 63,
Short Stories From Panchatantra - Volume 3,ওয়ান্ডার হাউজ বুকস,TK. 70,TK. 63,
Short Stories From Panchatantra - Volume 6,ওয়ান্ডার হাউজ বুকস,TK. 70,TK. 63,
Short Stories From Panchatantra - Volume 8,ওয়ান্ডার হাউজ বুকস,TK. 70,TK. 63,
Short Stories From Panchatantra - Volume 4,ওয়ান্ডার হাউজ বুকস,TK. 70,TK. 63,
Short Stories From Panchatantra - Volume 2,ওয়ান্ডার হাউজ বুকস,TK. 70,TK. 63,
Chicken Licken and Foxy Loxy,ওয়ান্ডার হাউজ বুকস,TK. 70,TK. 63,
Witty Stories of Akbar and Birbal - Volume 9,ওয়ান্ডার হাউজ বুকস,TK. 70,TK. 63,
Three Not-So-Little Pigs,ওয়ান্ডার হাউজ বুকস,TK. 70,TK. 63,
Ganesha - The Elephant Headed God,ওয়ান্ডার হাউজ বুকস,TK. 70,TK. 63,
Animals Tales From Panchtantra,ওয়ান্ডার হাউজ বুকস,TK. 70,TK. 63,
Moral Tales From Panchtantra,ওয়ান্ডার হাউজ বুকস,TK. 70,TK. 63,
Short Stories From Panchatantra - Volume 1,ওয়ান্ডার হাউজ বুকস,TK. 70,TK. 63,
Witty Stories of Akbar and Birbal - Volume 10,ওয়ান্ডার হাউজ বুকস,TK. 70,TK. 63,
Witty Stories of Akbar and Birbal - Volume 7,ওয়ান্ডার হাউজ বুকস,TK. 70,TK. 63,
Witty Stories of Akbar and Birbal - Volume 6,ওয়ান্ডার হাউজ বুকস,TK. 70,TK. 63,
Witty Stories of Akbar and Birbal - Volume 8,ওয়ান্ডার হাউজ বুকস,TK. 70,TK. 63,
Witty Stories of Akbar and Birbal - Volume 2:,ওয়ান্ডার হাউজ বুকস,TK. 70,TK. 63,
Witty Stories of Akbar and Birbal - Volume 5,ওয়ান্ডার হাউজ বুকস,TK. 70,TK. 63,
Witty Stories of Akbar and Birbal - Volume 1,ওয়ান্ডার হাউজ বুকস,TK. 70,TK. 63,
Witty Stories of Akbar and Birbal - Volume 3,ওয়ান্ডার হাউজ বুকস,TK. 70,TK. 63,
Witty Stories of Akbar and Birbal - Volume 4,ওয়ান্ডার হাউজ বুকস,TK. 70,TK. 63,
Witty Stories of Akbar and Birbal - Collection Of 10 Books,ওয়ান্ডার হাউজ বুকস,TK. 70,TK. 63,
Kari,আম্রুতা পাটিল,TK. 70,TK. 63,
Parva Duology Box Set,আম্রুতা পাটিল,TK. 70,TK. 63,
সবখানেই শিখতে পারি (কোড -১১৩),সিসিমপুর,TK. 310,TK. 264,
মুটো পাতলু,সৈয়দ মহসীন আলী,TK. 60,TK. 36,
অ্যাডভেঞ্চার কমিকস ,আহসান হাবীব (কার্টুনিস্ট),TK. 100,TK. 90,
গ্রাফিক নভেল : মিথস্ক্রিয়া,আহসান হাবীব (কার্টুনিস্ট),TK. 200,TK. 172,
সওদাগরের তোতা পাখি,মুহাম্মদ ফরিদ উদ্দিন খান,TK. 50,TK. 39,
সওদাগরের তোতা পাখি,মুহাম্মদ ফরিদ উদ্দিন খান,TK. 50,TK. 39,
তাকধুম ও বন্ধুদের অভিযান-০,করিম জিভানী,TK. 120,TK. 90,
অসীম সাহসী শিবা ,কিডস্‌ বুকস্‌,TK. 220,TK. 143,
মিনা রাজু ও মিঠুর গল্প ,শ্রাবণ আহমেদ,TK. 100,TK. 86,
উন্মাদ,আহসান হাবীব (কার্টুনিস্ট),TK. 150,TK. 113,
Aladin ,কারেন ক্রেইডার,TK. 80,TK. 69,
টাইম ট্রাবল,আসিফুর রহমান,TK. 160,TK. 141,
ছোটদের কমিক্স সেট,আসিফুর রহমান রাতুল,"TK. 1,045",TK. 888,
বীরু মোহন ,হামিদ,TK. 35,TK. 32,
শামসু ভাই ও মোর স্যালাইন,মেহেদী হাসান,TK. 50,TK. 45,
হরর কমিক্স সেট,আহসান হাবীব (কার্টুনিস্ট),TK. 610,TK. 519,
স্পাইডারম্যান,স্টান লি,TK. 80,TK. 72,
দুর্জয় কমিক্স সিরিজ (১ম-১১তম খণ্ড) (রকমারি কালেকশন),তৌহিদুল ইকবাল সম্পদ,TK. 735,TK. 658,
উকুনে বুড়ি,ডব্লিউসিবি,TK. 70,TK. 63,
সন্নাসী কাঁকড়ার ঘর খুঁজে পাওয়া,শফিকুল ইসলাম (১),TK. 30,TK. 26,
ঢাকা কমিক্স নতুন বই প্যাকেজ (২০২১),মুহম্মদ জাফর ইকবাল,TK. 805,TK. 604,
বাপ্পার বন্ধু,মুহম্মদ জাফর ইকবাল,TK. 135,TK. 121,
বাঘখেকো শিয়ালের ছানা,উপেন্দ্রকিশোর রায়চৌধুরী,TK. 50,TK. 44,
কার্টুন নেটওয়ার্ক,রিয়াজ আহমেদ,TK. 135,TK. 101,
মসলিনের দেশে (কমিক্স বুক),সাইফুল ইসলাম,TK. 100,TK. 91,
মিনা-রাজু ও মিঠুর গল্প,সৈয়দ মহসীন আলী,TK. 60,TK. 36,
কেশবতী রাজকন্যা,হাসান মোহাম্মদ ফেরদৌস,TK. 50,TK. 45,
কাঁকড়া ও সারস পাখি,কিডস্‌ বুকস্‌,TK. 95,TK. 59,
রুহান রুহান কমিক্স সিরিজ (১-৫) (রকমারি কালেকশন) ,মুহম্মদ জাফর ইকবাল,TK. 835,TK. 747,
ডোরিমন,আব্দুস ছাত্তার আকন্দ,TK. 160,TK. 141,
ইকরি ও প্রজাপতি (কোড -১৩৪),সিসিমপুর,TK. 92,TK. 83,
গল্প আর ছবি-২: তিন বেড়াল,ননী ভৌমিক,TK. 95,TK. 86,
সুপারহিরো কমিক্স সেট,রোমেল বড়ুয়া,TK. 610,TK. 519,
Graphic Novel-1 : Mujib - English Varson,সেন্টার ফর রিসার্চ এন্ড ইনফরমেশন,TK. 150,TK. 132,
সুন্দরবনে বনভোজন (কোড -১৫৩),শান্তিময় চাকমা,TK. 320,TK. 272,
শিবা দ্যা গ্রেট (রঙিন),এস. ডি আল-রাফি,TK. 220,TK. 187,
চাচা চৌধুরী হকি চ্যাম্পিয়নশিপ,প্রাণ,"TK. 2,148","TK. 2,090",
তিতিরের বর্ণমালা,সিমু নাসের,TK. 100,TK. 90,
ছোটদের প্রিয় কার্টুন বেন-১০,সৈয়দ মহসীন আলী,TK. 120,TK. 72,
জলহস্তী ও বকের গল্প,অমল সাহা,TK. 60,TK. 42,
চাচা চৌধুরী চাইল্ড ষ্টার নুন্দি,প্রাণ,"TK. 2,148","TK. 2,090",
পোকেমন,সুবর্ণা রায়হান,TK. 60,TK. 54,
চাচা চৌধুরী পকেটমার,প্রাণ,"TK. 2,148","TK. 2,090",
মোল্লা নাসিরুদ্দীন,সরদার জয়নুল আবেদীন,TK. 80,TK. 72,
গুটিয়া দৈত্য,বুলবুল চৌধুরী,TK. 40,TK. 36,
অ্যাকশন কমিক্স সেট,নাভিদ হোসাইন,"TK. 1,020",TK. 867,
শিশু কাহিনী ,লিও টলস্টয়,TK. 100,TK. 90,
আজব দেশে এলিস,সাহিত্য প্রকাশ,TK. 75,TK. 56,
টুনটুনি আর বাঘের গল্প ,উপেন্দ্রকিশোর রায়চৌধুরী,TK. 200,TK. 176,
রাক্ষস ও যাদুর চেয়ার,সৈয়দ মহসীন আলী,TK. 60,TK. 36,
ব্যাঙ রাজকুমার,আশরাফ হোসেন,TK. 50,TK. 45,
ঘুমকুমারী,তারেক মাহমুদ,TK. 50,TK. 45,
"টম, জেরি এবং সিংহমামা",আরাফাত খান,TK. 50,TK. 45,
আজব রেল ভ্রমন,সুমিত রায়,TK. 120,TK. 90,
ব্যাঙ ও ইঁদুর,গাজী প্রকাশনী,TK. 95,TK. 63,
Shabash 08,মাইটি পাঞ্চ স্টুডিওস্,TK. 130,TK. 121,
ছোটদের প্রিয় চাচা চৌধূরী,ডাঃ তানিয়া সুলতানা লাভলী,TK. 150,TK. 132,
পোকিমন,আবরা তাজোয়ার,TK. 120,TK. 106,
শক্তিশালী সুপারম্যান,খন্দকার হাফিজুর রহমান,TK. 150,TK. 132,
সাগরতলের জলপরী,ইমরান মাহমুদ,TK. 50,TK. 45,
সিনডেরেলা,আলমগীর হোসেন,TK. 50,TK. 45,
শেয়ালের পিঠে খরগোশ,জাহীদ রেজা নূর,TK. 90,TK. 81,
গ্রাফিক নভেল : সংঘাত,নাসিফ আহমেদ,TK. 135,TK. 119,
লাল বাস (কোড -১৪৯),শান্তিময় চাকমা,TK. 100,TK. 90,
দুর্জয় - ৫ নরাধম,তৌহিদুল ইকবাল সম্পদ,TK. 50,TK. 45,
পিশাচ কাহিনি -২,মেহেদী হক ,TK. 70,TK. 53,
পিশাচ কাহিনি -২,মেহেদী হক ,TK. 70,TK. 53,
ম্যাডভেনচার,আলী ইমাম,TK. 40,TK. 36,
"কাক, কোকিল ও টুনটুনির মজার গল্প",ফেরদৌসী আক্তার,TK. 50,TK. 30,
টম এন্ড জেরীর দুষ্টুমি,সাব্বির আহমেদ,TK. 160,TK. 141,
মিনা-রাজু ও মিঠুর গল্প,সাব্বির আহমেদ,TK. 160,TK. 141,
তালহা ও তার ফড়িং বন্ধু,অরণ্য প্রভা,TK. 120,TK. 106,
টমের মাছ ধরা ,আরাফাত খান,TK. 50,TK. 45,
মৎস্য কুমারী,লতিফুর রহমান (বুলবুল),TK. 60,TK. 36,
টম এন্ড জেরির গল্প,ডাঃ তানিয়া সুলতানা লাভলী,TK. 150,TK. 113,
টোনাটুনির বই : সিরিজ : ১০টি বই,ডব্লিউসিবি,TK. 800,TK. 689,
দুর্জয় ১০: নিয়তি,তৌহিদুল ইকবাল সম্পদ,TK. 50,TK. 45,
গ্রাফিক নভেল-১০ : মুজিব - মুক্তির পথে,সেন্টার ফর রিসার্চ এন্ড ইনফরমেশন,TK. 150,TK. 132,
গল্পে গল্পে মিনা,সরদার জয়নুল আবেদীন,TK. 100,TK. 90,
ডোরেমন,সাব্বির আহমেদ,TK. 200,TK. 176,
বনের রাজা,সহজ পাঠ,TK. 80,TK. 72,
পিটার প্যান,মোঃ মঈন হাসান,TK. 50,TK. 45,
আলাদিনের জাদুর প্রদীপ,মামুন রহমান,TK. 50,TK. 43,
তুষারকন্যা,আজহারুল হক রুবেল,TK. 50,TK. 45,
ডোরেমন ও মটু পাতলু,সাজিদুর রহমান,TK. 200,TK. 110,
টম এন্ড জেরী,খন্দকার হাফিজুর রহমান,TK. 150,TK. 132,
ইউসিকের সাত বন্ধু,নিয়াজ মোরশেদ ,TK. 150,TK. 129,
বেরির রাজ্যে পিটার,এলসা বেসকো ,TK. 120,TK. 103,
ফুলকুমারী,মোঃ জহিরুল ইসলাম,TK. 50,TK. 43,
নদীর মাছ ও সাগরের মাছ,গাজী প্রকাশনী,TK. 95,TK. 57,
Captain Kathal Vs The Molom Party -01,সামির আসরান রহমান,TK. 130,TK. 121,
পিনোকিও,ইউজিন ব্র্যাডলে কোকো,TK. 75,TK. 65,
টম এন্ড জেরী,আবরার শাহরিয়ার,TK. 150,TK. 132,
টম এন্ড জেরি,উইলিয়াম হাননা,TK. 150,TK. 132,
ছোটদের জনপ্রিয় স্পাইডারম্যান,মোহাম্মদ শাহীন,TK. 150,TK. 132,
গোপাল : একেই বলে ভাঁড়,সরদার জয়নুল আবেদীন,TK. 80,TK. 72,
সিনডারেলা,সরদার জয়নুল আবেদীন,TK. 80,TK. 72,
মিনা রাজু ও মিঠুর মজার গল্প,শেখ মাহাদিল ফারিয়া মিথিলা,TK. 120,TK. 103,
ডোরেমন,আতিক রহমান,TK. 70,TK. 63,
সুন্দরী ও কুৎসিত,আলমগীর হোসেন,TK. 50,TK. 45,
ফ্যান্টাসি কমিক্স সংকলন ,তাওসীফ আহমেদ,TK. 350,TK. 263,
বাংলাদেশ ভ্রমণে ডরেমন ,সাহিদ,TK. 175,TK. 154,
Goofi Math Series,মোঃ মেহেদী রহমান,TK. 175,TK. 154,
হুমায়ূন আহমেদের গল্পে ছোটদের কমিক্স,হুমায়ূন আহমেদ,TK. 200,TK. 176,
মিনা রাজুর ও মিঠুর গল্প,শামীম আরা শান্তা,TK. 120,TK. 106,
মীনা রাজু ও মিঠুর গল্প,জিল্লুর রহমান শুভ্র,TK. 90,TK. 81,
ভালুক রাজকুমার,সিতাংশু কর,TK. 150,TK. 132,
এক যে ছিল গাছ,রিফাত চৌধুরী,TK. 35,TK. 32,
লাল গরু আর পিঁপড়ে ছানা,আশিক মুস্তাফা,TK. 60,TK. 54,
বিট্টু গিট্টুর কাণ্ডকীর্তি,ইমন চৌধুরী,TK. 200,TK. 176,
বাঘ-সিংহের ফুটক্রিক খেলা,কাউসার ইকবাল,TK. 80,TK. 72,
পু-হর অভিযান ,সাহিত্য প্রকাশ,TK. 40,TK. 36,
শিশুদের পু-হ কালেকশন ,সাহিত্য প্রকাশ,TK. 475,TK. 409,
গল্প খেলা প্যাকেজ (ট্যানগ্রাম ও লায়ন কিং সিরিজ),রকমারি কালেকশন,"TK. 1,050","TK. 1,010",
রঙিন ছবিতে ডোরেমন,জান্নাতুল ফেরদৌস সাবা,TK. 100,TK. 86,
হোজ্জার গল্প,সৈয়দ নজমুল আবদাল,TK. 65,TK. 59,
দুঃখী কাঠবিড়ালি (কোড -১৩৭),সিসিমপুর,TK. 100,TK. 86,
ঢাকা কমিক্স ডাইজেস্ট (ভলিউম-১),আহসান হাবীব (কার্টুনিস্ট),TK. 250,TK. 213,
ইব্রাহীম : সোলেমানী আংটি-৩,ওয়াসিম বারি,TK. 70,TK. 63,
পোকেমনের বিশ্বজয়,কাজী ইমরুল কবীর সুমন,TK. 100,TK. 70,
মউমাছি মউরানী,আমীরুল ইসলাম,TK. 50,TK. 45,
তুলু পুন্তি,হায়াৎ মামুদ,TK. 50,TK. 45,
ডরিমন,এম. সি. দাস,TK. 200,TK. 140,
জাদুর রাজ্যে মীনা,সুমন মাহবুব,TK. 60,TK. 54,
মিনা রাজুর মজার গল্প ,মাসুদুর রহমান,TK. 100,TK. 78,
জনপ্রিয় মীনা রাজু ও মিঠুর গল্প,আহাদুজ্জামান নূর,TK. 100,TK. 90,
টম এন্ড জেরি,মাসুদুর রহমান,TK. 100,TK. 78,
টম এন্ড জেরি,মাসুদুর রহমান,TK. 100,TK. 78,
ছোটদের প্রিয় কার্টুন ‘ডোরেমন ,সুবর্ণা রায়হান,TK. 60,TK. 54,
ম্যাজিক পকেট ডোরেমন ,সুবর্ণা রায়হান,TK. 60,TK. 54,
টম এন্ড জেরি ,হায়দার আলী খান,TK. 130,TK. 114,
ছবি আঁকার গল্প ,আলমগীর হোসেন খান,TK. 75,TK. 68,
কৌতুক কার্টুন ,টইটম্বুর,TK. 28,TK. 25,
শিশুদের ছড়ার মেলা ও গল্প,আদিগন্ত প্রকাশনী ,TK. 35,TK. 32,
ছড়া ছবিতে দিগন্ত বর্ণপরিচয় ,আদিগন্ত প্রকাশনী ,TK. 35,TK. 32,
চড়াই ও বটগাছের গল্প,আবদুল্লাহ্‌ ফেরদৌস রিপন,TK. 65,TK. 39,
ডুরেমন,নাকিব-উল ইসলাম,TK. 160,TK. 112,
মাছকুমারী,সহজ পাঠ,TK. 80,TK. 72,
চলছে আমার গাড়ি,সহজ পাঠ,TK. 80,TK. 72,
রূপসি ও দানব,সহজ পাঠ,TK. 80,TK. 72,
আলাদিন,সহজ পাঠ,TK. 80,TK. 72,
মুগলি,সহজ পাঠ,TK. 80,TK. 72,
লাল পরি সাদা পরি,আহমেদ রিয়াজ,TK. 60,TK. 54,
লিংকন ও রাজকুমারী,ডক্টর কুদরত-উল-ইসলাম,TK. 70,TK. 60,
যাদুর দেশ পোকিমন,খন্দকার হাফিজুর রহমান,TK. 100,TK. 90,
ডোরেমনের মজার কমিক্স (সিরিজ - ০১),এম. এ. ইউ. জামান,TK. 40,TK. 36,
টম এন্ড জেরী,মোহাম্মদ জাকির হোসেন,TK. 100,TK. 90,
রিফার নানাবাড়ি,সৈয়দা রুবি রাজ্জাক,TK. 150,TK. 105,
"জন্মদিনের গিফট:বয়স(৩-৬), ছেলে",এফআইভিডিবি,TK. 270,TK. 230,
ইব্রাহীম: ২টি বইয়ের কালেকশন,তানজিম উল ইসলাম,TK. 140,TK. 123,
মঙ্গল-মিশন ১ ও ২ ,শাহরিয়ার,TK. 347,TK. 260,
ছোটদের রঙিন ছবির গল্প,মুহম্মদ জাফর ইকবাল,TK. 435,TK. 300,
মুক্তিযুদ্ধের কমিক সিরিজ ৬ খন্ডের কালেকশন,মেজর কামরুল হাসান ভূঁইয়া,TK. 360,TK. 306,
শিশুতোষ ৪ টি বই,জিয়াউল আশরাফ,TK. 455,TK. 387,
শিশুদের ৫০০ টাকায় গল্প-ছড়া-ছবি আঁকার ৭টি বই ,রকমারি,TK. 585,TK. 499,
শিশির ও দিঘি ,সুরাইয়া সারোয়ার ,TK. 100,TK. 86,
গ্রাফিক নভেল মুজিব ১ থেকে ১০ খণ্ড রকমারি কালেকশন,সেন্টার ফর রিসার্চ এন্ড ইনফরমেশন,"TK. 1,500","TK. 1,322",
পিশাচ কাহিনি: ১ম থেকে ৩য় খণ্ড,মেহেদী হক ,TK. 210,TK. 179,
মিকি মাউসের সাথে মজার পেরিস্কোপ (মজার পেরিস্কোপ ও মিকি মাউজের গল্প),রকমারি কালেকশন,TK. 620,TK. 576,
মিকি মাউজ ও তার বন্ধুদের গল্প নিয়ে কালেকশন ,সাহিত্য প্রকাশ,TK. 325,TK. 281,
টুকটুকি যখন বড় হবে (কোড -১১১),এম. আসলাম লিটন,TK. 92,TK. 83,
নন্টে ফন্টে সমগ্র,নারায়ণ দেবনাথ ,TK. 92,TK. 83,
পিঙ্কী চোর-পুলিশ,প্রাণ,"TK. 2,148","TK. 2,090",
Babin's Dinosaur,দীপ্তি সরকার,TK. 150,TK. 134,
অপারেশন ব্রেক ডাউন,আরাফাত করিম ,TK. 100,TK. 90,
দুর্জয় ভলিউম ১ (১ থেকে ৫ খণ্ড একত্রে),তৌহিদুল ইকবাল সম্পদ,TK. 350,TK. 298,
গ্রাফিক নভেল : হনন,আহসান হাবীব (কার্টুনিস্ট),TK. 135,TK. 119,
কাঠের পুতুল পিনোকিও,কার্লো কলোদি,TK. 80,TK. 72,
ডাকাবুকো কাকু আর ক্যাপ্টেন কিডের গুপ্তধন,শাহরীয়ার শরীফ ,TK. 60,TK. 54,
কমিক্স অমনিবাস,আহসান হাবীব (কার্টুনিস্ট),TK. 250,TK. 213,
বিড়াল ও ইঁদুর,সব্যসাচী মিস্ত্রী,TK. 80,TK. 72,
সাফওয়ানের বন্ধু মোটু পাতলু,কয়েস সামী,TK. 100,TK. 90,
নন্টে ফন্টে : লা-জবাব,নারায়ণ দেবনাথ ,TK. 100,TK. 90,
সাহায্যকারী হও,রায়হান আরিফুর রহমান,TK. 80,TK. 69,
কখনও স্বার্থপর হইয়ো না,রায়হান আরিফুর রহমান,TK. 80,TK. 69,
সৎ হও,রায়হান আরিফুর রহমান,TK. 80,TK. 69,
পরিশ্রমী হও,রায়হান আরিফুর রহমান,TK. 80,TK. 69,
চাচা চৌধুরী সিরিজ (রকমারি কালেকশন ১৩ টি বই),প্রাণ,TK. 80,TK. 69,
সদা সাবধান থেকো,রায়হান আরিফুর রহমান,TK. 80,TK. 69,
নন্টে ফন্টে বনাম কেল্টুদা,নারায়ণ দেবনাথ ,TK. 80,TK. 69,
দাদু-নাদু আর জিতু,মেহেদী হক ,TK. 100,TK. 90,
নন্টে ফন্টে : ধুন্ধুমার ,নারায়ণ দেবনাথ ,TK. 100,TK. 90,
টোকাই : ২,রনবী,TK. 60,TK. 54,
টোকাই : ১ ,রনবী,TK. 60,TK. 54,
নন্টে ফন্টে : হইচই,নারায়ণ দেবনাথ ,TK. 60,TK. 54,
নেকড়ে বাঘ ও ভেড়ার পাল,পলাশ মন্ডল,TK. 80,TK. 72,
আমেরিকায় টিনটিন,কমিক্স ওয়ার্ল্ড ,TK. 180,TK. 158,
নন্টে ফন্টে বেস্ট অফ ,নারায়ণ দেবনাথ ,TK. 180,TK. 158,
নন্টে ফন্টে বেস্ট অফ ,নারায়ণ দেবনাথ ,TK. 180,TK. 158,
রঙ্গিন ছোটদের প্রিয় ডোরেমন ,মমতাজ আহমেদ,TK. 200,TK. 176,
আঙ্গুর বাগানে শেয়াল,যুগল সরকার,TK. 80,TK. 72,
ডোরেমন কমিক্স ১ : সুদূরের এক ভবিষ্যৎ দুনিয়া থেকে,ফুজিকো এফ. ফুজিও,TK. 65,TK. 59,
ডোরেমন কমিক্স ৩ : ব্ল্যাক বেল্ট নবিতা,ফুজিকো এফ. ফুজিও,TK. 50,TK. 45,
ডোরেমন কমিক্স ২ : মিরাকল পেন,ফুজিকো এফ. ফুজিও,TK. 50,TK. 45,
কাক ও বকের একদিন ,নিশাত সুলতানা,TK. 120,TK. 90,
The Duckling,মোজাম্মেল হক নিয়োগী,TK. 150,TK. 132,
নেপোলিয়নের চিঠি (ফেলুদা কমিক্স),সত্যজিৎ রায়,TK. 150,TK. 132,
সত্যজিৎ রায় কমিকস কালেকশন,সত্যজিৎ রায়,TK. 150,TK. 132,
এবার কান্ড কেদারনাথে (ফেলুদা কমিকস্),সত্যজিৎ রায়,TK. 150,TK. 132,
ইঁদুর রাজার যুদ্ধ,পলাশ মন্ডল,TK. 80,TK. 72,
রুকু টুকুর গাছবন্ধু,অদ্বৈত মারুত,TK. 80,TK. 59,
চাচা চৌধুরী আর ইউরেনিয়াম চুরি,প্রাণ,TK. 80,TK. 59,
"চাচা চৌধুরী, বিল্লু, পিঙ্কি মিক্স রকমারি কালেকশন ১৬টি বই",প্রাণ,TK. 80,TK. 59,
চাচা চৌধুরী পৃথিবীর সবচেয়ে শক্তিশালী মানুষ,প্রাণ,TK. 80,TK. 59,
চাচা চৌধুরী আর স্বৈরাচারী রাকা,প্রাণ,TK. 80,TK. 59,
শঙ্কুর কঙ্গো অভিযান (প্রোফেসর শঙ্কু কমিক্স),সত্যজিৎ রায়,TK. 80,TK. 59,
চাচা চৌধুরী সিরিজ ৭টি বই,প্রাণ,TK. 80,TK. 59,
পিঙ্কীর জুতো,প্রাণ,TK. 80,TK. 59,
বিল্লু সিরিজ ১০টি বই,প্রাণ,TK. 80,TK. 59,
দার্জিলিং জমজমাট (কমিক্স বই),সত্যজিৎ রায়,TK. 80,TK. 59,
চাচা চৌধুরী আর অপারেশন ক্যাপিটাল,প্রাণ,TK. 80,TK. 59,
নারক,তাওহীদ আহমেদ,TK. 70,TK. 67,
চাচা চৌধুরী আর ব্লু ডায়মণ্ড,প্রাণ,TK. 70,TK. 67,
কারামাকোর অগ্নুৎপাত ,জো জেট জোকো অ্যার্জে ,TK. 70,TK. 67,
রংধনু,মোহাম্মাদ বদিউজ্জামান বড়লস্কর,TK. 650,TK. 553,
চাঁদে টিনটিন,কমিক্স ওয়ার্ল্ড ,TK. 180,TK. 158,
ছুঁ মন্তর ছুঁ ... লাগ ভেলকি লাগ,পাতাবাহার ,TK. 50,TK. 45,
শঙ্কুর কঙ্গো অভিযান,সত্যজিৎ রায়,TK. 50,TK. 45,
চাচা চৌধুরী আর টম টম,প্রাণ,TK. 50,TK. 45,
পিঙ্কী সিরিজ (রকমারি কালেকশন ৭টি বই),প্রাণ,TK. 50,TK. 45,
চাচা চৌধুরী আর চেয়ারম্যান,প্রাণ,TK. 50,TK. 45,
বিল্লু সিরিজ (কমিক) (রকমারি কালেকশন ১৪টি বই),প্রাণ,TK. 50,TK. 45,
টোকাই : ৩,রনবী,TK. 60,TK. 54,
আমি রোগা জামাই বলছি,জুবাইদা গুলশান আরা হেনা,TK. 45,TK. 41,
চাচা চৌধুরী বাঙ্গশীরের টাকে ছবি আঁকা,প্রাণ,TK. 45,TK. 41,
অ্যাডভেঞ্চার কমিকস,ময়ুখ চৌধুরী,TK. 45,TK. 41,
চাচা চৌধুরী আর ডায়নাসোর,প্রাণ,TK. 45,TK. 41,
পিঙ্কী আর মিসেস্‌ চমচম,প্রাণ,TK. 45,TK. 41,
পিঙ্কী আর কুটকুটের ক্যারামতি,প্রাণ,TK. 45,TK. 41,
In The Land Of Muslin (Comic Book),সাইফুল ইসলাম,TK. 100,TK. 91,
চাচা চৌধুরীর রেকর্ড,প্রাণ,TK. 100,TK. 91,
ছোটদের প্রিয় ছোট ভিম,ফাতেমা জাহেরা সুলতানা,TK. 200,TK. 140,
বানরের সাগর ভ্রমণ ও যাদুর আয়না,মো: আজম হিরা,TK. 45,TK. 41,
পিঙ্কী সিরিজ (রকমারি কালেকশন ১০টি বই),প্রাণ,TK. 45,TK. 41,
চাচা চৌধুরী আর ইন্টারনেট জোচ্চোর,প্রাণ,TK. 45,TK. 41,
চাচা চৌধুরী আর স্পার্টো,প্রাণ,TK. 45,TK. 41,
চাচা চৌধুরী আর পিকসী,প্রাণ,TK. 45,TK. 41,
চাচা চৌধুরী সিরিজ ৯টি বই,প্রাণ,TK. 45,TK. 41,
চাচা চৌধুরী আর রাস্তার ভূত,প্রাণ,TK. 45,TK. 41,
চাচা চৌধুরী ও হাতীর ব্যবসা,প্রাণ,TK. 45,TK. 41,
চাচা চৌধুরী আর প্রোফেসর শাটলকক,প্রাণ,TK. 45,TK. 41,
চাচা চৌধুরী আর আফ্রিকা ভ্রমণ,প্রাণ,TK. 45,TK. 41,
চাচা চৌধুরী রান আউট,প্রাণ,TK. 45,TK. 41,
নন্টে ফন্টে কী আনন্দ,নারায়নচন্দ্র দেবনাথ,TK. 45,TK. 41,
নন্টে ফন্টে দ্য গ্রেট,নারায়ণ দেবনাথ ,TK. 45,TK. 41,
পিঙ্কীর সঙ্গ,প্রাণ,TK. 45,TK. 41,
বিল্লু আর লুকোচুরি,প্রাণ,TK. 45,TK. 41,
বুলডোজার ও রাপ্পা রায়,সুযোগ বন্দ্যোপাধ্যায়,TK. 45,TK. 41,
চাচা চৌধুরী আর আফলাতুন,প্রাণ,TK. 45,TK. 41,
চাচা চৌধুরী আর আফলাতুন,প্রাণ,TK. 45,TK. 41,
Little Heroes : Prahlad ,লতা আগারওয়াল ,TK. 45,TK. 41,
ডরেমন ভবিষ্যৎ থেকে আসা এক রোবিট,সোহরাব হোসেন জিসান,TK. 125,TK. 110,
ঘুমপুরীর রাজকণ্যা,সরদার জয়নুল আবেদীন,TK. 125,TK. 110,
পাপাই ও অলিভের এ্যাডভেঞ্চার ,খালেকুজ্জামান এল্‌জী,TK. 100,TK. 90,
কার্টুনের দেশে,হোসনে আরা জলী,TK. 80,TK. 72,
মীলা ‍ও নীলার স্কুল ,মোঃ জাহিদুল ইসলাম জিন্নু,TK. 70,TK. 55,
আধঘণ্টা-১,আবু সুফিয়ান,TK. 50,TK. 45,
পটলা ক্যাবলা : পটলা ক্যাবলার চার রঙা কমিকস্ ,আহসান হাবীব (কার্টুনিস্ট),TK. 50,TK. 45,
মীনা ও তার বন্ধুরা ,ব্র্যাক প্রকাশনা,TK. 50,TK. 45,
মেয়ে ছেলে সবাই সমান ,ব্র্যাক প্রকাশনা,TK. 50,TK. 45,
মীনার বন্ধূ চম্পা ,ব্র্যাক প্রকাশনা,TK. 50,TK. 45,
শিশুর যত্ন ,ব্র্যাক প্রকাশনা,TK. 50,TK. 45,
ইকরির ফুল ,ব্র্যাক প্রকাশনা,TK. 40,TK. 36,
ঘুড়ি ওড়ানোর মেলা ,ব্র্যাক প্রকাশনা,TK. 40,TK. 36,
পানি ,ব্র্যাক প্রকাশনা,TK. 40,TK. 36,
দাদাভাই আর আমি টুকটুকি ,ব্র্যাক প্রকাশনা,TK. 40,TK. 36,
হালুম যাবে অনেক দূরে ,ব্র্যাক প্রকাশনা,TK. 40,TK. 36,
টুকটুকি যখন বড় হবে ,ব্র্যাক প্রকাশনা,TK. 40,TK. 36,
জলরাজ্যে ভয়ানক দানব,জিনিয়া ফেরদৌস রুনা,TK. 80,TK. 72,
টম এন্ড জেরী,অয়ন চৌধুরী,TK. 120,TK. 84,
ছোটদের প্রিয় কার্টুন ডোরেমন (রঙিন),কাজী সাইফুল ইসলাম ,TK. 200,TK. 140,
দাদুর মুখে মজার গল্প,ডাঃ এস এ এ বারী,TK. 200,TK. 176,
শিবা এখন ঢাকায়,সব্যসাচী গোস্বামী,TK. 140,TK. 123,
শহুরে ইঁদুর গ্রাম্য ইঁদুর,তৌহিদ হাসান,TK. 60,TK. 54,
বেড়ালের গলায় ঘন্টা ,হুমায়ুন কবির,TK. 60,TK. 54,
চাচা চৌধুরী মিনিষ্টার আর বাখু,প্রাণ,TK. 60,TK. 54,
শিয়াল ও কাক ,মুহাম্মদ ফরিদ উদ্দিন খান,TK. 15,TK. 12,
নন্টে ফন্টে ধামাকা ,নারায়ণ দেবনাথ ,TK. 15,TK. 12,
এবার কান্ড কেদারনাথে (ফেলুদা কমিকস্),সত্যজিৎ রায়,TK. 15,TK. 12,
নারায়ণ দেবনাথ কমিক্স সমগ্র,নারায়ণ দেবনাথ ,TK. 15,TK. 12,
পিঙ্কীর বাগান,প্রাণ,TK. 15,TK. 12,
নন্টে ফন্টে ঝাক্কাস ,নারায়ণ দেবনাথ ,TK. 15,TK. 12,
নন্টে ফন্টে মেগা হিট ,নারায়ণ দেবনাথ ,TK. 15,TK. 12,
নন্টে ফন্টে বিন্দাস ,নারায়ণ দেবনাথ ,TK. 15,TK. 12,
ছোটা ভীম : গ্রহহারা এলিয়ান (একাদশ গল্প),হ্যারি জয়ন্ত,TK. 15,TK. 12,
রবার্টসনের রুবি (ফেলুদা কমিক্স),সত্যজিৎ রায়,TK. 15,TK. 12,
গোপাল ভাঁড় : নবাবি মহাভারত -১ম খণ্ড,সৌরভ মন্ডল,TK. 15,TK. 12,
গোপাল ভাঁড় : ৫০০ টাকা পুরস্কার-তৃতীয় খণ্ড,সৌরভ মন্ডল,TK. 15,TK. 12,
ছোটা ভীম : কথা-বলা তোতাপাখি (অষ্টম গল্প),হীরেন চট্টোপাধ্যায়,TK. 15,TK. 12,
ম্যানিটোবা জাহাজের রহস্য ,জো জেট জোকো অ্যার্জে ,TK. 15,TK. 12,
গোপাল ভাঁড় : পৃথিবীর আয়তন -দ্বিতীয় খণ্ড,সৌরভ মন্ডল,TK. 15,TK. 12,
নন্টে ফন্টে চমৎকার ,নারায়ণ দেবনাথ ,TK. 15,TK. 12,
প্রোফেসর শঙ্কু-রোবু ,সত্যজিৎ রায়,TK. 15,TK. 12,
ছোটা ভীম : অভিশপ্ত সোনার খনি (নবম গল্প),হীরেন চট্টোপাধ্যায়,TK. 15,TK. 12,
ছোটা ভীম : ডলফিনের বিপদ (৩৭তম গল্প),হীরেন চট্টোপাধ্যায়,TK. 15,TK. 12,
ছোটা ভীম : চকোলেট নগরী (৩০তম গল্প),কৌশিককুমার মাইতি,TK. 15,TK. 12,
ছোটা ভীম : ২০-২০ ক্রিকেট,কৌশিককুমার মাইতি,TK. 15,TK. 12,
ছোটা ভীম : রাজতরবারি,কৌশিককুমার মাইতি,TK. 15,TK. 12,
ছোটা ভীম : উড়ন্ত কার্পেট (চতুর্দশ গল্প),কৌশিককুমার মাইতি,TK. 15,TK. 12,
ছোটা ভীম : গণ্ধমাদন গন্ডার (পঞ্চদশ গল্প),কৌশিককুমার মাইতি,TK. 15,TK. 12,
ছোটা ভীম : আইনস্টাইন,হীরেন চট্টোপাধ্যায়,TK. 15,TK. 12,
ছোটা ভীম : সম্মোহনকারী হ্যারি (দ্বাদশ গল্প),হীরেন চট্টোপাধ্যায়,TK. 15,TK. 12,
ছোটা ভীম : মহাদানব (দশম গল্প),হীরেন চট্টোপাধ্যায়,TK. 15,TK. 12,
ছোটা ভীম : সাগরকন্যা শের (৩য় গল্প),হীরেন চট্টোপাধ্যায়,TK. 15,TK. 12,
ছোটা ভীম : কাঠুরে (৪র্থ গল্প),হীরেন চট্টোপাধ্যায়,TK. 15,TK. 12,
ছোটা ভীম : রাক্ষুসে কুমির (৫ম গল্প),হীরেন চট্টোপাধ্যায়,TK. 15,TK. 12,
ছোটা ভীম : সার্কাস এল ঢোলকপুরে (৬ষ্ঠ গল্প),হীরেন চট্টোপাধ্যায়,TK. 15,TK. 12,
ছোটা ভীম : ছোটা ভীম আর গনেশ ঠাকুর,হীরেন চট্টোপাধ্যায়,TK. 15,TK. 12,
ছোটা ভীম : মমির অভিশাপ (বিংশ গল্প),হীরেন চট্টোপাধ্যায়,TK. 15,TK. 12,
Goofi Alphabet Series (English),ওয়ালিউল্লাহ ভূঁইয়া,TK. 15,TK. 12,
Goofi Alphabet Series (English),ওয়ালিউল্লাহ ভূঁইয়া,TK. 15,TK. 12,
কাফী খাঁ সমগ্র,বিশ্বদেব গঙ্গোপাধ্যায়,TK. 15,TK. 12,
গোখরো উপত্যাকা ,জো জেট জোকো অ্যার্জে ,TK. 15,TK. 12,
চাচা চৌধরী ও বোতলের দৈত্য,প্রাণ,TK. 15,TK. 12,
চাচা চৌধুরী টোকিওতে,প্রাণ,TK. 15,TK. 12,
চাচা চৌধুরী ও গাজা,প্রাণ,TK. 15,TK. 12,
চাচা চৌধুরী আর স্কটল্যাণ্ড ইয়ার্ড,প্রাণ,TK. 15,TK. 12,
চাচা চৌধুরী ও শিকারী লকড়বগগা সিং,প্রাণ,TK. 15,TK. 12,
চাচা চৌধুরী জুপীটারে,প্রাণ,TK. 15,TK. 12,
চাচা চৌধুরী ও ম্যাডাম জোরো,প্রাণ,TK. 15,TK. 12,
চাচা চৌধরী ও রাকা,প্রাণ,TK. 15,TK. 12,
চাচা চৌধুরী আর ফিল্ম ষ্টার,প্রাণ,TK. 15,TK. 12,
চাচা চৌধুরী আর বিষাক্ত মানব নোরা,প্রাণ,TK. 15,TK. 12,
চাচা চৌধুরী ও গোলামের বিক্রি,প্রাণ,TK. 15,TK. 12,
গন্তব্য নিউইয়র্ক ,জো জেট জোকো অ্যার্জে ,TK. 15,TK. 12,
চাচা চৌধুরী আর রাকার হাইড্রোজেন বোমা,প্রাণ,TK. 15,TK. 12,
ছোটা ভীম (১৩টি বই-রকমারি কালেকশন),হীরেন চট্টোপাধ্যায়,TK. 15,TK. 12,
Marvel: The Avengers Breakout,স্কলাসটিক,TK. 15,TK. 12,
Ben 10 Omniverse: Bros In Space,স্কলাসটিক,TK. 15,TK. 12,
Ben 10 Omniverse: A Jolt From The Past,স্কলাসটিক,TK. 15,TK. 12,
Ben 10 Omniverse: Draw Alien Superheroes & Villain,স্কলাসটিক,TK. 15,TK. 12,
Ben 10 Omniverse: Hot Stretch,স্কলাসটিক,TK. 15,TK. 12,
Ben 10 Omniverse: Have I Got A Deal For You,স্কলাসটিক,TK. 15,TK. 12,
Ben 10 Omniverse: Welcome To Undertown,স্কলাসটিক,TK. 15,TK. 12,
Ben 10 Omniverse: The More Things Change,স্কলাসটিক,TK. 15,TK. 12,
Ben 10 Omniverse: A New Beginning,স্কলাসটিক,TK. 15,TK. 12,
Ben 10 Omniverse: So Long And Thanks For The Smoothies,স্কলাসটিক,TK. 15,TK. 12,
Ben 10 Omniverse: Trouble Helix,স্কলাসটিক,TK. 15,TK. 12,
Ben 10 Omniverse: Malefactor,স্কলাসটিক,TK. 15,TK. 12,
Ben 10 Omniverse: Rules Of Engagement,স্কলাসটিক,TK. 15,TK. 12,
Ben 10 Omniverse: Arrested Development,স্কলাসটিক,TK. 15,TK. 12,
Ben 10 Omniverse: Gone Fishing,স্কলাসটিক,TK. 15,TK. 12,
Ben 10 Omniverse: Many Happy Returns,স্কলাসটিক,TK. 15,TK. 12,
Ben 10 Omniverse: Of Predators And Prey,স্কলাসটিক,TK. 15,TK. 12,
Ben 10 Omniverse: Showdown,স্কলাসটিক,TK. 15,TK. 12,
Ben 10 Omniverse: Outbreak,স্কলাসটিক,TK. 15,TK. 12,
Ben 10 Omniverse: Superhero Fun And Fact Book,স্কলাসটিক,TK. 15,TK. 12,
Marvel: The Amazing Spider-Man Official Movie Special,ওয়াল্ট ডিজনী কোম্পানী প্রাইভেট লিমিটেড ,TK. 15,TK. 12,
Marvel: The Avengres Battle Against Loki,থমাস প্যালাসিওস ,TK. 15,TK. 12,
One Piece Manga Comics: (48 volumes) ,এইচিরো ওডা,TK. 15,TK. 12,
Naruto Manga Comics (All volumes),মাসাসি কিসিমোতো ,TK. 15,TK. 12,
Ben 10 Omniverse: Omniverse Opposites,স্কলাসটিক,TK. 15,TK. 12,
Marvel: The Amazing Spider-Man Story Collection,ওয়াল্ট ডিজনী কোম্পানী প্রাইভেট লিমিটেড ,TK. 15,TK. 12,
Princess Ariel's Dream Comes True Disney Princes,স্টারলিং পাবলিশার্স,TK. 15,TK. 12,
Princess Aurora and Her Dream Prince Disney Princes,স্টারলিং পাবলিশার্স,TK. 15,TK. 12,
Princess Belle Meets a Stranger Disney Princes,স্টারলিং পাবলিশার্স,TK. 15,TK. 12,
Princess Cinderella and the Glass Slipper Disney Prinecs,স্টারলিং পাবলিশার্স,TK. 15,TK. 12,
Princess Jasmine Meets Aladdin Disney Princes,স্টারলিং পাবলিশার্স,TK. 15,TK. 12,
Princess Snow White finds true love Disney Princes,স্টারলিং পাবলিশার্স,TK. 15,TK. 12,
Part of Their World Disney Princes,স্টারলিং পাবলিশার্স,TK. 15,TK. 12,
Seems Like Old Times Disney Princes,স্টারলিং পাবলিশার্স,TK. 15,TK. 12,
Rapunzel Let Me read,স্টারলিং পাবলিশার্স,TK. 15,TK. 12,
Rapunzel Barbie : 5+,স্টারলিং পাবলিশার্স,TK. 15,TK. 12,
The Beauty of True Love Disney Princes,স্টারলিং পাবলিশার্স,TK. 15,TK. 12,
The Beauty of True Love Disney Princes,স্টারলিং পাবলিশার্স,TK. 15,TK. 12,
